source_file,tip_no,form_title,module_family,capability_summary,web_interpretation
tx_tips.txt,1,دفترچه ها,فهرست‌بها / دفترچه,محاسبه مبلغ تجهیز به روشهای گوناگون از جمله درصدی از مبلغ خالص یا با ضرایب، مبلغ فصل 42، مقطوع به همراه تسهیلات انجام مي گيرد .,انتخاب دفترچه، فصل و آیتم فهرست‌بها
tx_tips.txt,2,مابه التفاوت آهن و سیمان,تعدیل / شاخص,امکان محاسبه مابه التفاوت آهن و سیمان به روش فاقد تعدیل و  نیز براساس بخشنامه 23239 وجود دارد .,انتخاب دوره، شاخص، محاسبه ضریب و مبلغ تعدیل
tx_tips.txt,3,مابه التفاوت آهن و سیمان,مابه‌التفاوت / اختلاف,دسترسی به قیمت های آزاد و پیوستهای یک و دو وجود دارد .,محاسبه اختلاف و مابه‌التفاوت اقلام
tx_tips.txt,4,آنالیزبها,آنالیز بها / منابع,آنالیز تمام ردیف های برگه مالی براساس عوامل چهارگانه نیروی انسانی، ماشین آلات، مصالح و حمل، به همراه درصدهای وزنی هر یک از منابع و عوامل وجود دارد .,تحلیل عوامل چهارگانه و قیمت منابع
tx_tips.txt,5,آنالیزبها,آنالیز بها / منابع,امکان مقایسه مبلغ آنالیزی و بهای واحد آیتم فهرست بها و نیز محاسبه درصد رشد این دو نسبت به هم وجود دارد .,تحلیل عوامل چهارگانه و قیمت منابع
tx_tips.txt,6,آنالیزبها,آنالیز بها / منابع,امکان آنالیز تمام ردیف های برگه مالی، 65% ، انتخابی، ستاره دارها و ... وجود دارد .,تحلیل عوامل چهارگانه و قیمت منابع
tx_tips.txt,7,آناليزبها,آنالیز بها / منابع,امکان جایگزینی قیمت آنالیز شده با بهای واحد آیتم در برگه مالی ، وجود دارد .,تحلیل عوامل چهارگانه و قیمت منابع
tx_tips.txt,8,آنالیزبها و منابع,آنالیز بها / منابع,امکان فراخوانی قیمت های پایه از سه منابع سازمان مدیریت، مرکز آمار ایران، و همچنین قیمت روز وجود دارد .,تحلیل عوامل چهارگانه و قیمت منابع
tx_tips.txt,9,منابع,آنالیز بها / منابع,امکان مشاهده کل منابع موجود در پروژه براساس آنالیز و مقادیر آیتم ها در برگه مالی، وجود دارد .,تحلیل عوامل چهارگانه و قیمت منابع
tx_tips.txt,10,منابع,آنالیز بها / منابع,امکان مشاهده درصد وزنی هر عامل در یک پروژه وجود دارد .,تحلیل عوامل چهارگانه و قیمت منابع
tx_tips.txt,11,محاسبه کامل,عمومی / نامشخص,امکان محاسبه تمام فرم های سیستم به صورت یکباره، با توانایی اعمال هر نوع عملیات مختص خود فرم ها وجود دارد .,نیازمند بررسی دستی
tx_tips.txt,12,تاخیرات,عمومی / نامشخص,محاسبه تاخیرات مربوط به تاخیر در پرداخت وجود دارد .,نیازمند بررسی دستی
tx_tips.txt,13,زمان بندی,عمومی / نامشخص,رسم نمودار گانت هر فعالیت و زمانبندی آن در داخل خود برنامه با توجه به زیرردیف های هر فعالیت وجود دارد .,نیازمند بررسی دستی
tx_tips.txt,14,انتقال,آنالیز بها / منابع,انتقال پروژه به MSP (برنامه کنترل پروژه) براساس آنالیزهای ردیف های پروژه وجود دارد .,تحلیل عوامل چهارگانه و قیمت منابع
tx_tips.txt,15,گزارشات,گزارش / چاپ,امکان ویرایش گزارشات در محیط Crystal Reports,خروجی قابل چاپ/PDF/Excel
tx_tips.txt,16,گزارشات,گزارش / چاپ,امکان انتقال به برنامه های جانبی Word، Excel، Acrobat وجود دارد .,خروجی قابل چاپ/PDF/Excel
tx_tips.txt,17,ریزمتره و خلاصه متره,متره / ریزمتره,امکان رسم تصویر برای هر آیتم در ریزمتره یا خلاصه متره و گزارشگیری آنها وجود دارد .,ثبت ریزمتره، فرمول مقدار و اتصال به آیتم‌ها
tx_tips.txt,18,ریزمتره و خلاصه متره,تعدیل / شاخص,امکان تعریف آیتم ستاره دار، فاکتوری، مبنای قرارداد، قیمت جدید، فاقد تعدیل، مجازی در هر یک از فرم های ریزمتره، خلاصه متره و برگه مالی وجود دارد .,انتخاب دوره، شاخص، محاسبه ضریب و مبلغ تعدیل
tx_tips.txt,19,ریزمتره و خلاصه متره و برگه مالی,متره / ریزمتره,دسترسی به فهرست بهای پایه و تمام آیتم های مختص آن در هر دفترچه در سیستم وجود دارد .,ثبت ریزمتره، فرمول مقدار و اتصال به آیتم‌ها
tx_tips.txt,20,ریزمتره و خلاصه متره و برگه مالی,متره / ریزمتره,امکان فرمول نویسی برای هر یک از متغیرهای فرم های ورودی از قبیل ریزمتره، برگه مالی و خلاصه متره,ثبت ریزمتره، فرمول مقدار و اتصال به آیتم‌ها
tx_tips.txt,21,امکان جستجو و مرتب سازی روی تمام جداول فرم های موجود در سیستم وجود دارد .,عمومی / نامشخص,,نیازمند بررسی دستی
tx_tips.txt,22,ریزمتره و خلاصه متره و برگه مالی,متره / ریزمتره,امکان اضافه کردن کدهای مرتبط تحت عنوان اضافه یا کسربها در سیستم وجود دارد .,ثبت ریزمتره، فرمول مقدار و اتصال به آیتم‌ها
tx_tips.txt,23,برگه مالی ، فصول و دفترچه ها,آنالیز بها / منابع,امکان مشاهده فرم های بخشنامه 4951 تحت عنوان نزولی بها، 65%، جدول 3، 4، 5 (آنالیزبها) در داخل برنامه در سیستم وجود دارد .,تحلیل عوامل چهارگانه و قیمت منابع
tx_tips.txt,24,آناليز بها,آنالیز بها / منابع,امکان آنالیز آیتم های برگه مالی براساس شرح، بهای واحد، آیتم های جدید وجود دارد .,تحلیل عوامل چهارگانه و قیمت منابع
tx_tips.txt,25,مابه التفاوت حمل,منابع / مصالح / حمل,امکان محاسبه حمل برای همه عناوین مصالح هر فهرست بها وجود دارد .,مصالح، ماشین‌آلات، نیروی انسانی، حمل و منبع‌یابی
tx_tips.txt,26,مابه التفاوت حمل,منابع / مصالح / حمل,امکان استفاده از فواصل تمام نقاط کشور در محاسبات حمل وجود دارد .,مصالح، ماشین‌آلات، نیروی انسانی، حمل و منبع‌یابی
tx_tips.txt,27,مابه التفاوت حمل,منابع / مصالح / حمل,امکان محاسبه حمل مصالح که از چندین نقطه مختلف طی مسیر کرده اند ، وجود دارد .,مصالح، ماشین‌آلات، نیروی انسانی، حمل و منبع‌یابی
tx_tips.txt,28,فصول و دفترچه ها,فهرست‌بها / دفترچه,امکان مشاهده فصول و دفترچه ها با احتساب ضرایب یا به صورت خالص وجود دارد .,انتخاب دفترچه، فصل و آیتم فهرست‌بها
tx_tips.txt,29,فصول و دفترچه ها,فهرست‌بها / دفترچه,امکان مشاهده فرم های فصول و دفترچه ها در وضعیت های تعریف شده در بخشنامه های 4951 و 76574  وجود دارد .,انتخاب دفترچه، فصل و آیتم فهرست‌بها
tx_tips.txt,30,برگه مالی ،فصول و دفترچه ها,فهرست‌بها / دفترچه,امکان محاسبه درصد اجرا شده، مقدار افزایش و کاهش یافته وجود دارد .,انتخاب دفترچه، فصل و آیتم فهرست‌بها
tx_tips.txt,31,فصول و دفترچه ها,فهرست‌بها / دفترچه,مشاهده درصدهای وزنی هر فصل و دفترچه در کل پروژه وجود دارد .,انتخاب دفترچه، فصل و آیتم فهرست‌بها
tx_tips.txt,32,فهارس پايه,تعدیل / شاخص,دسترسی به شاخص های هر سه ماهه به صورت فصلی، رشته ای و کل به تفکیک دفترچه ها  وجود دارد .,انتخاب دوره، شاخص، محاسبه ضریب و مبلغ تعدیل
tx_tips.txt,33,درخت,عمومی / نامشخص,مشاهده کل پروژه های سیستم در قالب درخت در حین ورود به برنامه در سیستم وجود دارد .,نیازمند بررسی دستی
tx_tips.txt,34,نصب,عمومی / نامشخص,امکان نصب پایگاه اطلاعاتی روی سرور به علت بالابردن امنیت داده ها و استفاده عمومی سایر کاربران از آن وجود دارد .,نیازمند بررسی دستی
tx_tips.txt,35,امکان تک کاربره و شبکه بودن قفل برنامه و به طبع آن امکان ورود چندین کاربر هم زمان در سیستم های تحت شبکه در سیستم وجود دارد .,عمومی / نامشخص,,نیازمند بررسی دستی
tx_tips.txt,36,درخت پروژه ها,گزارش / چاپ,گرفتن گزارشات مدیریتی از درخت پروژه ها وجود دارد .,خروجی قابل چاپ/PDF/Excel
tx_tips.txt,37,درخت پروژه ها,عمومی / نامشخص,امکان کپی بخشهای مختلف یک پروژه به پروژه دیگر به همراه توانایی تغییر سال پایه وجود دارد .,نیازمند بررسی دستی
tx_tips.txt,38,دستیابی کاربران,عمومی / نامشخص,تعریف چندین نقش و کاربر برای دسترسی به اطلاعات پروژه های موجود و اطلاعات پایه وجود دارد .,نیازمند بررسی دستی
tx_tips.txt,39,دستیابی کاربران,عمومی / نامشخص,امکان تعریف رمز عبور برای هر کاربر به طور کاملاً مجزا دارد .,نیازمند بررسی دستی
tx_tips.txt,40,درخت پروژه ها,عمومی / نامشخص,امکان بازیابی ا ز فایل های Backup گیری و همچنین آرشیو کردن پروژه ها وجود دارد .,نیازمند بررسی دستی
tx_tips.txt,41,فهارس بهای پایه,عمومی / نامشخص,امکان دسترسی به اطلاعات پایه با توجه به سطح دستیابی تعریف شده وجود دارد .,نیازمند بررسی دستی
tx_tips.txt,42,مسافت ها,عمومی / نامشخص,امکان مشاهده مسافت تمام نقاط مختلف کشور براساس وزارت راه وجود دارد .,نیازمند بررسی دستی
tx_tips.txt,43,تقریب مقادیر,عمومی / نامشخص,امکان تعریف تقریب مقادیر متغیرهای فرم های موجود بر حسب نیاز وجود دارد .,نیازمند بررسی دستی
tx_tips.txt,44,پيمان,عمومی / نامشخص,امکان اجرای پروژه های مترمربع زیربنا براساس فعالیت های پروژه وجود دارد .,نیازمند بررسی دستی
tx_tips.txt,45,پيمان,فهرست‌بها / دفترچه,امکان تعریف دفترچه های (فهارس بها)خاص برای هر سیستم و دسترسی به آن در تمام پروژه های دیگر وجود دارد .,انتخاب دفترچه، فصل و آیتم فهرست‌بها
tx_tips.txt,46,پيمان,برآورد,امکان برآورد کردن پروژه با احتساب تعدیل با تعیین دوره مبنا و جاری در سیستم وجود دارد .,تعریف برآورد و آیتم‌های پایه
tx_tips.txt,47,ضرایب,ضرایب,امکان تعریف ضرایب به تفکیک نوع آیتم ها از قبیل ستاره دار، فاکتوری و یا عادی وجود دارد .,اعمال ضرایب، تجهیز، بالاسری و ضرایب دفترچه
tx_tips.txt,48,ضرایب,ضرایب,امکان تعریف عنوان ضرایب جدید و خاص پروژه جاری و نیز تغییر عناوین موجود وجود دارد .,اعمال ضرایب، تجهیز، بالاسری و ضرایب دفترچه
tx_tips.txt,49,ضرایب,فهرست‌بها / دفترچه,امکان مشاهده ضرایب منطقه ای هر دفترچه وجود دارد .,انتخاب دفترچه، فصل و آیتم فهرست‌بها
tx_tips.txt,50,ضرایب,ضرایب,امکان محاسبه ضرایب طبقات و ارتفاع (ارتفاع مساوی یا غیرهمسان) وجود دارد .,اعمال ضرایب، تجهیز، بالاسری و ضرایب دفترچه
tx_tips.txt,51,امکان کپی و Paste بین رکوردهای هر فرم از یک پروژه به سایر بخشهای مرتبط آن در سیستم وجود دارد .,عمومی / نامشخص,,نیازمند بررسی دستی
tx_tips.txt,52,امکان تعریف موقعیت و ضریب برای هر یک از آنهادر سیستم وجود دارد .,ضرایب,,اعمال ضرایب، تجهیز، بالاسری و ضرایب دفترچه
tx_tips_psn.txt,1,دفترچه ها,فهرست‌بها / دفترچه,محاسبه مبلغ تجهیز به روشهای گوناگون از جمله درصدی از مبلغ خالص یا با ضرایب، مبلغ فصل 42، مقطوع به همراه تسهیلات انجام مي گيرد .,انتخاب دفترچه، فصل و آیتم فهرست‌بها
tx_tips_psn.txt,2,مابه التفاوت آهن و سیمان,تعدیل / شاخص,امکان محاسبه مابه التفاوت آهن و سیمان به روش فاقد تعدیل و  نیز براساس بخشنامه 23239 وجود دارد .,انتخاب دوره، شاخص، محاسبه ضریب و مبلغ تعدیل
tx_tips_psn.txt,3,مابه التفاوت آهن و سیمان,مابه‌التفاوت / اختلاف,دسترسی به قیمت های آزاد و پیوستهای یک و دو وجود دارد .,محاسبه اختلاف و مابه‌التفاوت اقلام
tx_tips_psn.txt,4,آنالیزبها,آنالیز بها / منابع,آنالیز تمام ردیف های برگه مالی براساس عوامل چهارگانه نیروی انسانی، ماشین آلات، مصالح و حمل، به همراه درصدهای وزنی هر یک از منابع و عوامل وجود دارد .,تحلیل عوامل چهارگانه و قیمت منابع
tx_tips_psn.txt,5,آنالیزبها,آنالیز بها / منابع,امکان مقایسه مبلغ آنالیزی و بهای واحد آیتم فهرست بها و نیز محاسبه درصد رشد این دو نسبت به هم وجود دارد .,تحلیل عوامل چهارگانه و قیمت منابع
tx_tips_psn.txt,6,آنالیزبها,آنالیز بها / منابع,امکان آنالیز تمام ردیف های برگه مالی، 65% ، انتخابی، ستاره دارها و ... وجود دارد .,تحلیل عوامل چهارگانه و قیمت منابع
tx_tips_psn.txt,7,آناليزبها,آنالیز بها / منابع,امکان جایگزینی قیمت آنالیز شده با بهای واحد آیتم در برگه مالی ، وجود دارد .,تحلیل عوامل چهارگانه و قیمت منابع
tx_tips_psn.txt,8,آنالیزبها و منابع,آنالیز بها / منابع,امکان فراخوانی قیمت های پایه از سه منابع سازمان مدیریت، مرکز آمار ایران، و همچنین قیمت روز وجود دارد .,تحلیل عوامل چهارگانه و قیمت منابع
tx_tips_psn.txt,9,منابع,آنالیز بها / منابع,امکان مشاهده کل منابع موجود در پروژه براساس آنالیز و مقادیر آیتم ها در برگه مالی، وجود دارد .,تحلیل عوامل چهارگانه و قیمت منابع
tx_tips_psn.txt,10,منابع,آنالیز بها / منابع,امکان مشاهده درصد وزنی هر عامل در یک پروژه وجود دارد .,تحلیل عوامل چهارگانه و قیمت منابع
tx_tips_psn.txt,11,محاسبه کامل,عمومی / نامشخص,امکان محاسبه تمام فرم های سیستم به صورت یکباره، با توانایی اعمال هر نوع عملیات مختص خود فرم ها وجود دارد .,نیازمند بررسی دستی
tx_tips_psn.txt,12,تاخیرات,عمومی / نامشخص,محاسبه تاخیرات مربوط به تاخیر در پرداخت وجود دارد .,نیازمند بررسی دستی
tx_tips_psn.txt,13,زمان بندی,عمومی / نامشخص,رسم نمودار گانت هر فعالیت و زمانبندی آن در داخل خود برنامه با توجه به زیرردیف های هر فعالیت وجود دارد .,نیازمند بررسی دستی
tx_tips_psn.txt,14,انتقال,آنالیز بها / منابع,انتقال پروژه به MSP (برنامه کنترل پروژه) براساس آنالیزهای ردیف های پروژه وجود دارد .,تحلیل عوامل چهارگانه و قیمت منابع
tx_tips_psn.txt,15,گزارشات,گزارش / چاپ,امکان ویرایش گزارشات در محیط Crystal Reports,خروجی قابل چاپ/PDF/Excel
tx_tips_psn.txt,16,گزارشات,گزارش / چاپ,امکان انتقال به برنامه های جانبی Word، Excel، Acrobat وجود دارد .,خروجی قابل چاپ/PDF/Excel
tx_tips_psn.txt,17,ریزمتره و خلاصه متره,متره / ریزمتره,امکان رسم تصویر برای هر آیتم در ریزمتره یا خلاصه متره و گزارشگیری آنها وجود دارد .,ثبت ریزمتره، فرمول مقدار و اتصال به آیتم‌ها
tx_tips_psn.txt,18,ریزمتره و خلاصه متره,تعدیل / شاخص,امکان تعریف آیتم ستاره دار، فاکتوری، مبنای قرارداد، قیمت جدید، فاقد تعدیل، مجازی در هر یک از فرم های ریزمتره، خلاصه متره و برگه مالی وجود دارد .,انتخاب دوره، شاخص، محاسبه ضریب و مبلغ تعدیل
tx_tips_psn.txt,19,ریزمتره و خلاصه متره و برگه مالی,متره / ریزمتره,دسترسی به فهرست بهای پایه و تمام آیتم های مختص آن در هر دفترچه در سیستم وجود دارد .,ثبت ریزمتره، فرمول مقدار و اتصال به آیتم‌ها
tx_tips_psn.txt,20,ریزمتره و خلاصه متره و برگه مالی,متره / ریزمتره,امکان فرمول نویسی برای هر یک از متغیرهای فرم های ورودی از قبیل ریزمتره، برگه مالی و خلاصه متره,ثبت ریزمتره، فرمول مقدار و اتصال به آیتم‌ها
tx_tips_psn.txt,21,امکان جستجو و مرتب سازی روی تمام جداول فرم های موجود در سیستم وجود دارد .,عمومی / نامشخص,,نیازمند بررسی دستی
tx_tips_psn.txt,22,ریزمتره و خلاصه متره و برگه مالی,متره / ریزمتره,امکان اضافه کردن کدهای مرتبط تحت عنوان اضافه یا کسربها در سیستم وجود دارد .,ثبت ریزمتره، فرمول مقدار و اتصال به آیتم‌ها
tx_tips_psn.txt,23,برگه مالی ، فصول و دفترچه ها,آنالیز بها / منابع,امکان مشاهده فرم های بخشنامه 4951 تحت عنوان نزولی بها، 65%، جدول 3، 4، 5 (آنالیزبها) در داخل برنامه در سیستم وجود دارد .,تحلیل عوامل چهارگانه و قیمت منابع
tx_tips_psn.txt,24,آناليز بها,آنالیز بها / منابع,امکان آنالیز آیتم های برگه مالی براساس شرح، بهای واحد، آیتم های جدید وجود دارد .,تحلیل عوامل چهارگانه و قیمت منابع
tx_tips_psn.txt,25,مابه التفاوت حمل,منابع / مصالح / حمل,امکان محاسبه حمل برای همه عناوین مصالح هر فهرست بها وجود دارد .,مصالح، ماشین‌آلات، نیروی انسانی، حمل و منبع‌یابی
tx_tips_psn.txt,26,مابه التفاوت حمل,منابع / مصالح / حمل,امکان استفاده از فواصل تمام نقاط کشور در محاسبات حمل وجود دارد .,مصالح، ماشین‌آلات، نیروی انسانی، حمل و منبع‌یابی
tx_tips_psn.txt,27,مابه التفاوت حمل,منابع / مصالح / حمل,امکان محاسبه حمل مصالح که از چندین نقطه مختلف طی مسیر کرده اند ، وجود دارد .,مصالح، ماشین‌آلات، نیروی انسانی، حمل و منبع‌یابی
tx_tips_psn.txt,28,فصول و دفترچه ها,فهرست‌بها / دفترچه,امکان مشاهده فصول و دفترچه ها با احتساب ضرایب یا به صورت خالص وجود دارد .,انتخاب دفترچه، فصل و آیتم فهرست‌بها
tx_tips_psn.txt,29,فصول و دفترچه ها,فهرست‌بها / دفترچه,امکان مشاهده فرم های فصول و دفترچه ها در وضعیت های تعریف شده در بخشنامه های 4951 و 76574  وجود دارد .,انتخاب دفترچه، فصل و آیتم فهرست‌بها
tx_tips_psn.txt,30,برگه مالی ،فصول و دفترچه ها,فهرست‌بها / دفترچه,امکان محاسبه درصد اجرا شده، مقدار افزایش و کاهش یافته وجود دارد .,انتخاب دفترچه، فصل و آیتم فهرست‌بها
tx_tips_psn.txt,31,فصول و دفترچه ها,فهرست‌بها / دفترچه,مشاهده درصدهای وزنی هر فصل و دفترچه در کل پروژه وجود دارد .,انتخاب دفترچه، فصل و آیتم فهرست‌بها
tx_tips_psn.txt,32,فهارس پايه,تعدیل / شاخص,دسترسی به شاخص های هر سه ماهه به صورت فصلی، رشته ای و کل به تفکیک دفترچه ها  وجود دارد .,انتخاب دوره، شاخص، محاسبه ضریب و مبلغ تعدیل
tx_tips_psn.txt,33,درخت,عمومی / نامشخص,مشاهده کل پروژه های سیستم در قالب درخت در حین ورود به برنامه در سیستم وجود دارد .,نیازمند بررسی دستی
tx_tips_psn.txt,34,نصب,عمومی / نامشخص,امکان نصب پایگاه اطلاعاتی روی سرور به علت بالابردن امنیت داده ها و استفاده عمومی سایر کاربران از آن وجود دارد .,نیازمند بررسی دستی
tx_tips_psn.txt,35,امکان تک کاربره و شبکه بودن قفل برنامه و به طبع آن امکان ورود چندین کاربر هم زمان در سیستم های تحت شبکه در سیستم وجود دارد .,عمومی / نامشخص,,نیازمند بررسی دستی
tx_tips_psn.txt,36,درخت پروژه ها,گزارش / چاپ,گرفتن گزارشات مدیریتی از درخت پروژه ها وجود دارد .,خروجی قابل چاپ/PDF/Excel
tx_tips_psn.txt,37,درخت پروژه ها,عمومی / نامشخص,امکان کپی بخشهای مختلف یک پروژه به پروژه دیگر به همراه توانایی تغییر سال پایه وجود دارد .,نیازمند بررسی دستی
tx_tips_psn.txt,38,دستیابی کاربران,عمومی / نامشخص,تعریف چندین نقش و کاربر برای دسترسی به اطلاعات پروژه های موجود و اطلاعات پایه وجود دارد .,نیازمند بررسی دستی
tx_tips_psn.txt,39,دستیابی کاربران,عمومی / نامشخص,امکان تعریف رمز عبور برای هر کاربر به طور کاملاً مجزا دارد .,نیازمند بررسی دستی
tx_tips_psn.txt,40,درخت پروژه ها,عمومی / نامشخص,امکان بازیابی ا ز فایل های Backup گیری و همچنین آرشیو کردن پروژه ها وجود دارد .,نیازمند بررسی دستی
tx_tips_psn.txt,41,فهارس بهای پایه,عمومی / نامشخص,امکان دسترسی به اطلاعات پایه با توجه به سطح دستیابی تعریف شده وجود دارد .,نیازمند بررسی دستی
tx_tips_psn.txt,42,مسافت ها,عمومی / نامشخص,امکان مشاهده مسافت تمام نقاط مختلف کشور براساس وزارت راه وجود دارد .,نیازمند بررسی دستی
tx_tips_psn.txt,43,تقریب مقادیر,عمومی / نامشخص,امکان تعریف تقریب مقادیر متغیرهای فرم های موجود بر حسب نیاز وجود دارد .,نیازمند بررسی دستی
tx_tips_psn.txt,44,پيمان,عمومی / نامشخص,امکان اجرای پروژه های مترمربع زیربنا براساس فعالیت های پروژه وجود دارد .,نیازمند بررسی دستی
tx_tips_psn.txt,45,پيمان,فهرست‌بها / دفترچه,امکان تعریف دفترچه های (فهارس بها)خاص برای هر سیستم و دسترسی به آن در تمام پروژه های دیگر وجود دارد .,انتخاب دفترچه، فصل و آیتم فهرست‌بها
tx_tips_psn.txt,46,پيمان,برآورد,امکان برآورد کردن پروژه با احتساب تعدیل با تعیین دوره مبنا و جاری در سیستم وجود دارد .,تعریف برآورد و آیتم‌های پایه
tx_tips_psn.txt,47,ضرایب,ضرایب,امکان تعریف ضرایب به تفکیک نوع آیتم ها از قبیل ستاره دار، فاکتوری و یا عادی وجود دارد .,اعمال ضرایب، تجهیز، بالاسری و ضرایب دفترچه
tx_tips_psn.txt,48,ضرایب,ضرایب,امکان تعریف عنوان ضرایب جدید و خاص پروژه جاری و نیز تغییر عناوین موجود وجود دارد .,اعمال ضرایب، تجهیز، بالاسری و ضرایب دفترچه
tx_tips_psn.txt,49,ضرایب,فهرست‌بها / دفترچه,امکان مشاهده ضرایب منطقه ای هر دفترچه وجود دارد .,انتخاب دفترچه، فصل و آیتم فهرست‌بها
tx_tips_psn.txt,50,ضرایب,ضرایب,امکان محاسبه ضرایب طبقات و ارتفاع (ارتفاع مساوی یا غیرهمسان) وجود دارد .,اعمال ضرایب، تجهیز، بالاسری و ضرایب دفترچه
tx_tips_psn.txt,51,امکان کپی و Paste بین رکوردهای هر فرم از یک پروژه به سایر بخشهای مرتبط آن در سیستم وجود دارد .,عمومی / نامشخص,,نیازمند بررسی دستی
tx_tips_psn.txt,52,امکان تعریف موقعیت و ضریب برای هر یک از آنهادر سیستم وجود دارد .,ضرایب,,اعمال ضرایب، تجهیز، بالاسری و ضرایب دفترچه
tx_tips_psn.txt,53,درفرم ضرایب,برآورد,امکان تعریف ضرایب برآوردی و پيشنهادی پيمانکار به صورت مجزا وجود دارد.,تعریف برآورد و آیتم‌های پایه
tx_tips_psn.txt,54,ضرایب,آنالیز بها / منابع,امکان آنالیز ضریب بالاسری بر اساس تجهیز و برچيدن، پرسنل مستمر، ماشین آلات و... وجود دارد.,تحلیل عوامل چهارگانه و قیمت منابع
tx_tips_psn.txt,55,برگه مالی و فصول,فهرست‌بها / دفترچه,امکان مشاهده در صد رشد در سطح فصل و دفترچه ها وجود دارد.,انتخاب دفترچه، فصل و آیتم فهرست‌بها
tx_tips_svz.txt,1,دفترچه ها,فهرست‌بها / دفترچه,محاسبه مبلغ تجهیز به روشهای گوناگون تایید شده از جمله 45،45،10 یا 30،60،10 و ... وجود دادرد .,انتخاب دفترچه، فصل و آیتم فهرست‌بها
tx_tips_svz.txt,2,مابه التفاوت آهن و سیمان,تعدیل / شاخص,امکان محاسبه مابه التفاوت آهن و سیمان به روش فاقد تعدیل و  نیز براساس بخشنامه 23239 وجود دارد .,انتخاب دوره، شاخص، محاسبه ضریب و مبلغ تعدیل
tx_tips_svz.txt,3,مابه التفاوت آهن و سیمان,مابه‌التفاوت / اختلاف,دسترسی به قیمت های آزاد و پیوستهای یک و دو وجود دارد .,محاسبه اختلاف و مابه‌التفاوت اقلام
tx_tips_svz.txt,4,آنالیزبها,آنالیز بها / منابع,آنالیز تمام ردیف های برگه مالی براساس عوامل چهارگانه نیروی انسانی، ماشین آلات، مصالح و حمل، به همراه درصدهای وزنی هر یک از منابع و عوامل وجود دارد .,تحلیل عوامل چهارگانه و قیمت منابع
tx_tips_svz.txt,5,آنالیزبها,آنالیز بها / منابع,امکان مقایسه مبلغ آنالیزی و بهای واحد آیتم فهرست بها و نیز محاسبه درصد رشد این دو نسبت به هم وجود دارد .,تحلیل عوامل چهارگانه و قیمت منابع
tx_tips_svz.txt,6,آنالیزبها,آنالیز بها / منابع,امکان آنالیز تمام ردیف های برگه مالی، 65% ، انتخابی، ستاره دارها و ... وجود دارد .,تحلیل عوامل چهارگانه و قیمت منابع
tx_tips_svz.txt,7,آناليزبها,پیشنهاد / پیمان,امکان جایگزینی قیمت آنالیز شده با بهای پیشنهادی آیتم در برگه مالی ، وجود دارد .,ثبت پیشنهاد، ضرایب پیمان و اقلام پیمان
tx_tips_svz.txt,8,آنالیزبها و منابع,آنالیز بها / منابع,امکان فراخوانی قیمت های پایه از سه منابع سازمان مدیریت، مرکز آمار ایران، و همچنین قیمت روز وجود دارد .,تحلیل عوامل چهارگانه و قیمت منابع
tx_tips_svz.txt,9,منابع,آنالیز بها / منابع,امکان مشاهده کل منابع موجود در پروژه براساس آنالیز و مقادیر آیتم ها در برگه مالی، وجود دارد .,تحلیل عوامل چهارگانه و قیمت منابع
tx_tips_svz.txt,10,منابع,آنالیز بها / منابع,امکان مشاهده درصد وزنی هر عامل در یک پروژه وجود دارد .,تحلیل عوامل چهارگانه و قیمت منابع
tx_tips_svz.txt,11,محاسبه کامل,عمومی / نامشخص,امکان محاسبه تمام فرم های سیستم به صورت یکباره، با توانایی اعمال هر نوع عملیات مختص خود فرم ها وجود دارد .,نیازمند بررسی دستی
tx_tips_svz.txt,12,تاخیرات,عمومی / نامشخص,محاسبه تاخیرات مربوط به تاخیر در پرداخت وجود دارد .,نیازمند بررسی دستی
tx_tips_svz.txt,13,زمان بندی,عمومی / نامشخص,رسم نمودار گانت هر فعالیت و زمانبندی آن در داخل خود برنامه با توجه به زیرردیف های هر فعالیت وجود دارد .,نیازمند بررسی دستی
tx_tips_svz.txt,14,انتقال,آنالیز بها / منابع,انتقال پروژه به MSP (برنامه کنترل پروژه) براساس آنالیزهای ردیف های پروژه وجود دارد .,تحلیل عوامل چهارگانه و قیمت منابع
tx_tips_svz.txt,15,گزارشات,گزارش / چاپ,امکان ویرایش گزارشات در محیط Crystal Reports,خروجی قابل چاپ/PDF/Excel
tx_tips_svz.txt,16,گزارشات,گزارش / چاپ,امکان انتقال به برنامه های جانبی Word، Excel، Acrobat وجود دارد .,خروجی قابل چاپ/PDF/Excel
tx_tips_svz.txt,17,ریزمتره و خلاصه متره,متره / ریزمتره,امکان رسم تصویر برای هر آیتم در ریزمتره یا خلاصه متره و گزارشگیری آنها وجود دارد .,ثبت ریزمتره، فرمول مقدار و اتصال به آیتم‌ها
tx_tips_svz.txt,18,ریزمتره و خلاصه متره,تعدیل / شاخص,امکان تعریف آیتم ستاره دار، فاکتوری، مبنای قرارداد، قیمت جدید، فاقد تعدیل، مجازی در هر یک از فرم های ریزمتره، خلاصه متره و برگه مالی وجود دارد .,انتخاب دوره، شاخص، محاسبه ضریب و مبلغ تعدیل
tx_tips_svz.txt,19,ریزمتره و خلاصه متره و برگه مالی,متره / ریزمتره,دسترسی به فهرست بهای پایه و تمام آیتم های مختص آن در هر دفترچه در سیستم وجود دارد .,ثبت ریزمتره، فرمول مقدار و اتصال به آیتم‌ها
tx_tips_svz.txt,20,ریزمتره و خلاصه متره و برگه مالی,متره / ریزمتره,امکان فرمول نویسی برای هر یک از متغیرهای فرم های ورودی از قبیل ریزمتره، برگه مالی و خلاصه متره,ثبت ریزمتره، فرمول مقدار و اتصال به آیتم‌ها
tx_tips_svz.txt,21,امکان جستجو و مرتب سازی روی تمام جداول فرم های موجود در سیستم وجود دارد .,عمومی / نامشخص,,نیازمند بررسی دستی
tx_tips_svz.txt,22,ریزمتره و خلاصه متره و برگه مالی,متره / ریزمتره,امکان اضافه کردن کدهای مرتبط تحت عنوان اضافه یا کسربها در سیستم وجود دارد .,ثبت ریزمتره، فرمول مقدار و اتصال به آیتم‌ها
tx_tips_svz.txt,23,آناليز بها,آنالیز بها / منابع,امکان آنالیز آیتم های برگه مالی براساس شرح، بهای واحد، آیتم های جدید وجود دارد .,تحلیل عوامل چهارگانه و قیمت منابع
tx_tips_svz.txt,24,مابه التفاوت حملامکان محاسبه حمل برای همه عناوین مصالح هر فهرست بها وجود دارد .,منابع / مصالح / حمل,,مصالح، ماشین‌آلات، نیروی انسانی، حمل و منبع‌یابی
tx_tips_svz.txt,25,مابه التفاوت حمل,منابع / مصالح / حمل,امکان استفاده از فواصل تمام نقاط کشور در محاسبات حمل وجود دارد .,مصالح، ماشین‌آلات، نیروی انسانی، حمل و منبع‌یابی
tx_tips_svz.txt,26,مابه التفاوت حمل,منابع / مصالح / حمل,امکان محاسبه حمل مصالح که از چندین نقطه مختلف طی مسیر کرده اند ، وجود دارد .,مصالح، ماشین‌آلات، نیروی انسانی، حمل و منبع‌یابی
tx_tips_svz.txt,27,فصول و دفترچه ها,فهرست‌بها / دفترچه,امکان مشاهده فصول و دفترچه ها با احتساب ضرایب یا به صورت خالص وجود دارد .,انتخاب دفترچه، فصل و آیتم فهرست‌بها
tx_tips_svz.txt,28,برگه مالی ،فصول و دفترچه ها,فهرست‌بها / دفترچه,امکان محاسبه درصد اجرا شده، مقدار افزایش و کاهش یافته وجود دارد .,انتخاب دفترچه، فصل و آیتم فهرست‌بها
tx_tips_svz.txt,29,فصول و دفترچه ها,فهرست‌بها / دفترچه,مشاهده درصدهای وزنی هر فصل و دفترچه در کل پروژه وجود دارد .,انتخاب دفترچه، فصل و آیتم فهرست‌بها
tx_tips_svz.txt,30,فهارس پايه,تعدیل / شاخص,دسترسی به شاخص های هر سه ماهه به صورت فصلی، رشته ای و کل به تفکیک دفترچه ها  وجود دارد .,انتخاب دوره، شاخص، محاسبه ضریب و مبلغ تعدیل
tx_tips_svz.txt,31,درخت,عمومی / نامشخص,مشاهده کل پروژه های سیستم در قالب درخت در حین ورود به برنامه در سیستم وجود دارد .,نیازمند بررسی دستی
tx_tips_svz.txt,32,نصب,عمومی / نامشخص,امکان نصب پایگاه اطلاعاتی روی سرور به علت بالابردن امنیت داده ها و استفاده عمومی سایر کاربران از آن وجود دارد .,نیازمند بررسی دستی
tx_tips_svz.txt,33,امکان تک کاربره و شبکه بودن قفل برنامه و به طبع آن امکان ورود چندین کاربر هم زمان در سیستم های تحت شبکه در سیستم وجود دارد .,عمومی / نامشخص,,نیازمند بررسی دستی
tx_tips_svz.txt,34,درخت پروژه ها,گزارش / چاپ,گرفتن گزارشات مدیریتی از درخت پروژه ها وجود دارد .,خروجی قابل چاپ/PDF/Excel
tx_tips_svz.txt,35,درخت پروژه ها,عمومی / نامشخص,امکان کپی بخشهای مختلف یک پروژه به پروژه دیگر به همراه توانایی تغییر سال پایه وجود دارد .,نیازمند بررسی دستی
tx_tips_svz.txt,36,دستیابی کاربران,عمومی / نامشخص,تعریف چندین نقش و کاربر برای دسترسی به اطلاعات پروژه های موجود و اطلاعات پایه وجود دارد .,نیازمند بررسی دستی
tx_tips_svz.txt,37,دستیابی کاربران,عمومی / نامشخص,امکان تعریف رمز عبور برای هر کاربر به طور کاملاً مجزا دارد .,نیازمند بررسی دستی
tx_tips_svz.txt,38,درخت پروژه ها,عمومی / نامشخص,امکان بازیابی ا ز فایل های Backup گیری و همچنین آرشیو کردن پروژه ها وجود دارد .,نیازمند بررسی دستی
tx_tips_svz.txt,39,فهارس بهای پایه,عمومی / نامشخص,امکان دسترسی به اطلاعات پایه با توجه به سطح دستیابی تعریف شده وجود دارد .,نیازمند بررسی دستی
tx_tips_svz.txt,40,مسافت ها,عمومی / نامشخص,امکان مشاهده مسافت تمام نقاط مختلف کشور براساس وزارت راه وجود دارد .,نیازمند بررسی دستی
tx_tips_svz.txt,41,تقریب مقادیر,عمومی / نامشخص,امکان تعریف تقریب مقادیر متغیرهای فرم های موجود بر حسب نیاز وجود دارد .,نیازمند بررسی دستی
tx_tips_svz.txt,42,پيمان,فهرست‌بها / دفترچه,امکان تعریف دفترچه های (فهارس بها)خاص برای هر سیستم و دسترسی به آن در تمام پروژه های دیگر وجود دارد .,انتخاب دفترچه، فصل و آیتم فهرست‌بها
tx_tips_svz.txt,43,ضرایب,ضرایب,امکان تعریف ضرایب به تفکیک نوع آیتم ها از قبیل ستاره دار، فاکتوری و یا عادی وجود دارد .,اعمال ضرایب، تجهیز، بالاسری و ضرایب دفترچه
tx_tips_svz.txt,44,ضرایب,ضرایب,امکان تعریف عنوان ضرایب جدید و خاص پروژه جاری و نیز تغییر عناوین موجود وجود دارد .,اعمال ضرایب، تجهیز، بالاسری و ضرایب دفترچه
tx_tips_svz.txt,45,ضرایب,فهرست‌بها / دفترچه,امکان مشاهده ضرایب منطقه ای هر دفترچه وجود دارد .,انتخاب دفترچه، فصل و آیتم فهرست‌بها
tx_tips_svz.txt,46,ضرایب,ضرایب,امکان محاسبه ضرایب طبقات و ارتفاع (ارتفاع مساوی یا غیرهمسان) وجود دارد .,اعمال ضرایب، تجهیز، بالاسری و ضرایب دفترچه
tx_tips_svz.txt,47,امکان کپی و Paste بین رکوردهای هر فرم از یک پروژه به سایر بخشهای مرتبط آن در سیستم وجود دارد .,عمومی / نامشخص,,نیازمند بررسی دستی
tx_tips_svz.txt,48,امکان تعریف موقعیت و ضریب برای هر یک از آنهادر سیستم وجود دارد .,ضرایب,,اعمال ضرایب، تجهیز، بالاسری و ضرایب دفترچه
tx_tips_svz.txt,49,دردرخت پروژه ها,عمومی / نامشخص,امکان تعریف پروژه مادر و زير پروژه های نامحدود وجود دارد.,نیازمند بررسی دستی
tx_tips_svz.txt,50,در درخت پروژه ها,عمومی / نامشخص,امکان آرشیو کردن پروژه های قديمی و بدون استفاده وجود دارد.,نیازمند بررسی دستی
tx_tips_svz.txt,51,در درخت پروژه ها,گزارش / چاپ,امکان تعریف چندين نسخه با رنگهای مجزا به صورت نامحدود وجود دارد که هر کدام می توانند همراه با امضای اسکن شده در گزارشات مشاهده شوند.,خروجی قابل چاپ/PDF/Excel
tx_tips_svz.txt,52,امکان انتقال اطلاعات بین صورت وضعیت ها(نقل از قبل).,صورت‌وضعیت / کارکرد,,ثبت کارکرد، مقادیر دوره، قبلی و تجمعی
tx_tips_svz.txt,53,امکان رسیدگی به صورت وضعیت های قبلی.,صورت‌وضعیت / کارکرد,,ثبت کارکرد، مقادیر دوره، قبلی و تجمعی
tx_tips_svz.txt,54,امکان Read Only کردن هر نسخه.,عمومی / نامشخص,,نیازمند بررسی دستی
tx_tips_svz.txt,55,امکان دسترسی به مستندات فنی.,عمومی / نامشخص,,نیازمند بررسی دستی
tx_tips_svz.txt,56,ضرایب,فهرست‌بها / دفترچه,امکان تعریف ضرایب پایکار مجزا برای هر فصل وجود دارد.,انتخاب دفترچه، فصل و آیتم فهرست‌بها
tx_tips_svz.txt,57,ریزمتره,متره / ریزمتره,امکان دسترسی به جداول اشتال وجود دارد.,ثبت ریزمتره، فرمول مقدار و اتصال به آیتم‌ها
tx_tips_svz.txt,58,ریزمتره,متره / ریزمتره,امکان تعریف چندین موقعیت با ضرایب مختلف و مجزا وجود دارد.,ثبت ریزمتره، فرمول مقدار و اتصال به آیتم‌ها
tx_tips_svz.txt,59,برگه مالی,فهرست‌بها / دفترچه,امکان تطبیق آيتم های پایکار به فصل مربوطه شان وجود دارد.,انتخاب دفترچه، فصل و آیتم فهرست‌بها
tx_tips_svz.txt,60,برگه مالی,صورت‌وضعیت / کارکرد,امکان فیلترینگ آیتم ها بر اساس کارکرد يا پايکار ، وجود دارد.,ثبت کارکرد، مقادیر دوره، قبلی و تجمعی
tx_tips_svz.txt,61,تعدیل,صورت‌وضعیت / کارکرد,امکان محاسبه انترپوله زمانی کارکرد بین دو صورت وضعیت وجود دارد,ثبت کارکرد، مقادیر دوره، قبلی و تجمعی
tx_tips_svz.txt,62,تعدیل,صورت‌وضعیت / کارکرد,امکان محاسبه تعدیل بین صورت وضعيت فعلی و آخرین نسخه تایید شده از صورت وضعیت قبلی وجود دارد.,ثبت کارکرد، مقادیر دوره، قبلی و تجمعی
tx_tips_svz.txt,63,تعدیل,تعدیل / شاخص,امکان محاسبه شاخص میانگین برای دوره های بیشتر از خاتمه مجاز ، وجود دارد.,انتخاب دوره، شاخص، محاسبه ضریب و مبلغ تعدیل
tx_tips_svz.txt,64,تعدیل,تعدیل / شاخص,امکان دسترسی کاربران به شاخص های هر دوره از فهرست بها وجود دارد.,انتخاب دوره، شاخص، محاسبه ضریب و مبلغ تعدیل
tx_tips_svz.txt,65,تعدیل,تعدیل / شاخص,امکان محاسبه شاخص های اعلام نشده به صورت درصد رشد یا نسبت رشد دوره های قبلی وجود دارد.,انتخاب دوره، شاخص، محاسبه ضریب و مبلغ تعدیل
tx_tips_svz.txt,66,گزارشات,صورت‌وضعیت / کارکرد,امکان گزارشگیری رنگی از نسخه های موجود در هر صورت وضعیت وجود دارد.,ثبت کارکرد، مقادیر دوره، قبلی و تجمعی
