path,name,category,size_kb,year_tokens
Main_Docs_Selected/Tajhiz.pdf,Tajhiz.pdf,تجهیز کارگاه,153.0,
Main_Docs_Selected/S.tadil.pdf,S.tadil.pdf,تعدیل,603.5,
Main_Docs_Selected/Tadil_Aks.pdf,Tadil_Aks.pdf,تعدیل,24.1,
Main_Docs_Selected/Tadil_Tajhiz.pdf,Tadil_Tajhiz.pdf,تعدیل,34.4,
Main_Docs_Selected/tadilmovaghat-1403-693452.pdf,tadilmovaghat-1403-693452.pdf,تعدیل,401.7,
Main_Docs_Selected/Arz-14010601.pdf,Arz-14010601.pdf,جبران ارز / مابه‌التفاوت,269.4,
Main_Docs_Selected/Arz-97-376049.pdf,Arz-97-376049.pdf,جبران ارز / مابه‌التفاوت,1628.5,97
Main_Docs_Selected/Arz4-1403-661080.pdf,Arz4-1403-661080.pdf,جبران ارز / مابه‌التفاوت,938.9,
Main_Docs_Selected/Arz_97-701059.pdf,Arz_97-701059.pdf,جبران ارز / مابه‌التفاوت,601.9,97
Main_Docs_Selected/Tamdid-Arz-97-376052.pdf,Tamdid-Arz-97-376052.pdf,جبران ارز / مابه‌التفاوت,507.1,97
Main_Docs_Selected/arz98-135585.pdf,arz98-135585.pdf,جبران ارز / مابه‌التفاوت,373.9,",98"
Main_Docs_Selected/arz98-135596.pdf,arz98-135596.pdf,جبران ارز / مابه‌التفاوت,287.8,",98"
Main_Docs_Selected/jamejabri.pdf,jamejabri.pdf,جبران ارز / مابه‌التفاوت,221.1,
Main_Docs_Selected/jobrane_arz.pdf,jobrane_arz.pdf,جبران ارز / مابه‌التفاوت,480.5,
Main_Docs_Selected/jobrane_arz_93.pdf,jobrane_arz_93.pdf,جبران ارز / مابه‌التفاوت,249.4,93
Main_Docs_Selected/jobrane_arz_94.pdf,jobrane_arz_94.pdf,جبران ارز / مابه‌التفاوت,576.9,94
Main_Docs_Selected/jobrane_arz_95.pdf,jobrane_arz_95.pdf,جبران ارز / مابه‌التفاوت,480.5,95
Main_Docs_Selected/tamdid2nobate3Arz.pdf,tamdid2nobate3Arz.pdf,جبران ارز / مابه‌التفاوت,332.4,
pdfs_selected/Shkh/Shkh_1403.pdf,Shkh_1403.pdf,شاخص تعدیل / دوره‌های سه‌ماهه,5595.6,
pdfs_selected/Shkh/Shkh_1404.pdf,Shkh_1404.pdf,شاخص تعدیل / دوره‌های سه‌ماهه,2890.6,
Main_Docs_Selected/ZaribMantagheie.pdf,ZaribMantagheie.pdf,ضرایب / منطقه / بهنگام‌سازی,478.4,
Main_Docs_Selected/Zarib_BehengamSazi.pdf,Zarib_BehengamSazi.pdf,ضرایب / منطقه / بهنگام‌سازی,115.0,
pdfs_selected/Lc/Lc_1403.pdf,Lc_1403.pdf,ضرایب / منطقه / بهنگام‌سازی,478.4,
pdfs_selected/Lc/Lc_1404.pdf,Lc_1404.pdf,ضرایب / منطقه / بهنگام‌سازی,478.4,
Help/Active Disable Driver Signature in Win 8.pdf,Active Disable Driver Signature in Win 8.pdf,عمومی / نصب / راهنما,154.5,
Help/tajmee_rahoband.pdf,tajmee_rahoband.pdf,عمومی / نصب / راهنما,1593.9,
Help/win8-active net35.pdf,win8-active net35.pdf,عمومی / نصب / راهنما,276.7,
Help/لیست مفایرت فهرست بهای 92 با 88.pdf,لیست مفایرت فهرست بهای 92 با 88.pdf,عمومی / نصب / راهنما,79.1,"88,92"
Help/لیست مفایرت فهرست بهای 93 با 92.pdf,لیست مفایرت فهرست بهای 93 با 92.pdf,عمومی / نصب / راهنما,126.9,"92,93"
Main_Docs_Selected/Damane_Motenaseb_v4.pdf,Damane_Motenaseb_v4.pdf,عمومی / نصب / راهنما,2286.6,
root_files/راهنمای نصب تکسا از روی بسته دانلود 1404.pdf,راهنمای نصب تکسا از روی بسته دانلود 1404.pdf,عمومی / نصب / راهنما,617.0,
Help/لیست مغایرت فهرست بهای 1400 با 1399.pdf,لیست مغایرت فهرست بهای 1400 با 1399.pdf,مغایرت/تطبیق سال‌های فهرست‌بها,102.8,
Help/لیست مغایرت فهرست بهای 1401 با 1400.pdf,لیست مغایرت فهرست بهای 1401 با 1400.pdf,مغایرت/تطبیق سال‌های فهرست‌بها,167.8,
Help/لیست مغایرت فهرست بهای 1403 با 1402.pdf,لیست مغایرت فهرست بهای 1403 با 1402.pdf,مغایرت/تطبیق سال‌های فهرست‌بها,132.0,
Help/لیست مغایرت فهرست بهای 94 با 93.pdf,لیست مغایرت فهرست بهای 94 با 93.pdf,مغایرت/تطبیق سال‌های فهرست‌بها,101.9,"93,94"
Help/لیست مغایرت فهرست بهای 95 با 94.pdf,لیست مغایرت فهرست بهای 95 با 94.pdf,مغایرت/تطبیق سال‌های فهرست‌بها,737.8,"94,95"
Help/لیست مغایرت فهرست بهای 96 با 95.pdf,لیست مغایرت فهرست بهای 96 با 95.pdf,مغایرت/تطبیق سال‌های فهرست‌بها,79.5,"95,96"
Help/لیست مغایرت فهرست بهای 97 با 96.pdf,لیست مغایرت فهرست بهای 97 با 96.pdf,مغایرت/تطبیق سال‌های فهرست‌بها,85.6,"96,97"
Help/لیست مغایرت فهرست بهای 98 با 97.pdf,لیست مغایرت فهرست بهای 98 با 97.pdf,مغایرت/تطبیق سال‌های فهرست‌بها,102.4,"97,98"
Help/لیست مغایرت فهرست بهای 99 با 98.pdf,لیست مغایرت فهرست بهای 99 با 98.pdf,مغایرت/تطبیق سال‌های فهرست‌بها,170.6,"98,99"
root_files/لیست مغایرت فهرست بهای 1404 با 1403.pdf,لیست مغایرت فهرست بهای 1404 با 1403.pdf,مغایرت/تطبیق سال‌های فهرست‌بها,214.6,
pdfs_selected/Fhbh_No_Itms/Note_NI_1403_1.pdf,Note_NI_1403_1.pdf,یادداشت فهرست‌بها / فصل‌ها,2944.3,
pdfs_selected/Fhbh_No_Itms/Note_NI_1403_10.pdf,Note_NI_1403_10.pdf,یادداشت فهرست‌بها / فصل‌ها,2391.7,
pdfs_selected/Fhbh_No_Itms/Note_NI_1403_11.pdf,Note_NI_1403_11.pdf,یادداشت فهرست‌بها / فصل‌ها,2491.9,
pdfs_selected/Fhbh_No_Itms/Note_NI_1403_12.pdf,Note_NI_1403_12.pdf,یادداشت فهرست‌بها / فصل‌ها,2054.0,
pdfs_selected/Fhbh_No_Itms/Note_NI_1403_14.pdf,Note_NI_1403_14.pdf,یادداشت فهرست‌بها / فصل‌ها,848.8,
pdfs_selected/Fhbh_No_Itms/Note_NI_1403_15.pdf,Note_NI_1403_15.pdf,یادداشت فهرست‌بها / فصل‌ها,835.4,
pdfs_selected/Fhbh_No_Itms/Note_NI_1403_16.pdf,Note_NI_1403_16.pdf,یادداشت فهرست‌بها / فصل‌ها,829.3,
pdfs_selected/Fhbh_No_Itms/Note_NI_1403_17.pdf,Note_NI_1403_17.pdf,یادداشت فهرست‌بها / فصل‌ها,859.3,
pdfs_selected/Fhbh_No_Itms/Note_NI_1403_18.pdf,Note_NI_1403_18.pdf,یادداشت فهرست‌بها / فصل‌ها,637.1,
pdfs_selected/Fhbh_No_Itms/Note_NI_1403_19.pdf,Note_NI_1403_19.pdf,یادداشت فهرست‌بها / فصل‌ها,928.5,
pdfs_selected/Fhbh_No_Itms/Note_NI_1403_2.pdf,Note_NI_1403_2.pdf,یادداشت فهرست‌بها / فصل‌ها,2409.3,
pdfs_selected/Fhbh_No_Itms/Note_NI_1403_20.pdf,Note_NI_1403_20.pdf,یادداشت فهرست‌بها / فصل‌ها,865.0,
pdfs_selected/Fhbh_No_Itms/Note_NI_1403_23.pdf,Note_NI_1403_23.pdf,یادداشت فهرست‌بها / فصل‌ها,2978.4,
pdfs_selected/Fhbh_No_Itms/Note_NI_1403_24.pdf,Note_NI_1403_24.pdf,یادداشت فهرست‌بها / فصل‌ها,578.4,
pdfs_selected/Fhbh_No_Itms/Note_NI_1403_25.pdf,Note_NI_1403_25.pdf,یادداشت فهرست‌بها / فصل‌ها,2166.4,
pdfs_selected/Fhbh_No_Itms/Note_NI_1403_26.pdf,Note_NI_1403_26.pdf,یادداشت فهرست‌بها / فصل‌ها,1517.5,
pdfs_selected/Fhbh_No_Itms/Note_NI_1403_27.pdf,Note_NI_1403_27.pdf,یادداشت فهرست‌بها / فصل‌ها,1805.1,
pdfs_selected/Fhbh_No_Itms/Note_NI_1403_29.pdf,Note_NI_1403_29.pdf,یادداشت فهرست‌بها / فصل‌ها,1207.4,
pdfs_selected/Fhbh_No_Itms/Note_NI_1403_3.pdf,Note_NI_1403_3.pdf,یادداشت فهرست‌بها / فصل‌ها,1268.9,
pdfs_selected/Fhbh_No_Itms/Note_NI_1403_30.pdf,Note_NI_1403_30.pdf,یادداشت فهرست‌بها / فصل‌ها,979.0,
pdfs_selected/Fhbh_No_Itms/Note_NI_1403_32.pdf,Note_NI_1403_32.pdf,یادداشت فهرست‌بها / فصل‌ها,818.3,
pdfs_selected/Fhbh_No_Itms/Note_NI_1403_33.pdf,Note_NI_1403_33.pdf,یادداشت فهرست‌بها / فصل‌ها,2470.2,
pdfs_selected/Fhbh_No_Itms/Note_NI_1403_34.pdf,Note_NI_1403_34.pdf,یادداشت فهرست‌بها / فصل‌ها,1525.3,
pdfs_selected/Fhbh_No_Itms/Note_NI_1403_35.pdf,Note_NI_1403_35.pdf,یادداشت فهرست‌بها / فصل‌ها,1183.6,
pdfs_selected/Fhbh_No_Itms/Note_NI_1403_36.pdf,Note_NI_1403_36.pdf,یادداشت فهرست‌بها / فصل‌ها,1424.8,
pdfs_selected/Fhbh_No_Itms/Note_NI_1403_38.pdf,Note_NI_1403_38.pdf,یادداشت فهرست‌بها / فصل‌ها,1799.3,
pdfs_selected/Fhbh_No_Itms/Note_NI_1403_39.pdf,Note_NI_1403_39.pdf,یادداشت فهرست‌بها / فصل‌ها,1625.6,
pdfs_selected/Fhbh_No_Itms/Note_NI_1403_4.pdf,Note_NI_1403_4.pdf,یادداشت فهرست‌بها / فصل‌ها,1474.1,
pdfs_selected/Fhbh_No_Itms/Note_NI_1403_40.pdf,Note_NI_1403_40.pdf,یادداشت فهرست‌بها / فصل‌ها,1067.1,
pdfs_selected/Fhbh_No_Itms/Note_NI_1403_41.pdf,Note_NI_1403_41.pdf,یادداشت فهرست‌بها / فصل‌ها,2714.1,
pdfs_selected/Fhbh_No_Itms/Note_NI_1403_42.pdf,Note_NI_1403_42.pdf,یادداشت فهرست‌بها / فصل‌ها,1443.5,
pdfs_selected/Fhbh_No_Itms/Note_NI_1403_43.pdf,Note_NI_1403_43.pdf,یادداشت فهرست‌بها / فصل‌ها,3409.5,
pdfs_selected/Fhbh_No_Itms/Note_NI_1403_44.pdf,Note_NI_1403_44.pdf,یادداشت فهرست‌بها / فصل‌ها,1572.6,
pdfs_selected/Fhbh_No_Itms/Note_NI_1403_45.pdf,Note_NI_1403_45.pdf,یادداشت فهرست‌بها / فصل‌ها,1448.6,
pdfs_selected/Fhbh_No_Itms/Note_NI_1403_5.pdf,Note_NI_1403_5.pdf,یادداشت فهرست‌بها / فصل‌ها,762.1,
pdfs_selected/Fhbh_No_Itms/Note_NI_1403_58.pdf,Note_NI_1403_58.pdf,یادداشت فهرست‌بها / فصل‌ها,1160.1,
pdfs_selected/Fhbh_No_Itms/Note_NI_1403_59.pdf,Note_NI_1403_59.pdf,یادداشت فهرست‌بها / فصل‌ها,1060.0,
pdfs_selected/Fhbh_No_Itms/Note_NI_1403_60.pdf,Note_NI_1403_60.pdf,یادداشت فهرست‌بها / فصل‌ها,1019.6,
pdfs_selected/Fhbh_No_Itms/Note_NI_1403_61.pdf,Note_NI_1403_61.pdf,یادداشت فهرست‌بها / فصل‌ها,959.4,
pdfs_selected/Fhbh_No_Itms/Note_NI_1403_67.pdf,Note_NI_1403_67.pdf,یادداشت فهرست‌بها / فصل‌ها,1036.7,
pdfs_selected/Fhbh_No_Itms/Note_NI_1403_68.pdf,Note_NI_1403_68.pdf,یادداشت فهرست‌بها / فصل‌ها,836.6,
pdfs_selected/Fhbh_No_Itms/Note_NI_1403_69.pdf,Note_NI_1403_69.pdf,یادداشت فهرست‌بها / فصل‌ها,568.1,
pdfs_selected/Fhbh_No_Itms/Note_NI_1403_7.pdf,Note_NI_1403_7.pdf,یادداشت فهرست‌بها / فصل‌ها,767.5,
pdfs_selected/Fhbh_No_Itms/Note_NI_1403_70.pdf,Note_NI_1403_70.pdf,یادداشت فهرست‌بها / فصل‌ها,925.4,
pdfs_selected/Fhbh_No_Itms/Note_NI_1403_79.pdf,Note_NI_1403_79.pdf,یادداشت فهرست‌بها / فصل‌ها,2153.0,
pdfs_selected/Fhbh_No_Itms/Note_NI_1403_8.pdf,Note_NI_1403_8.pdf,یادداشت فهرست‌بها / فصل‌ها,3113.3,
pdfs_selected/Fhbh_No_Itms/Note_NI_1403_83.pdf,Note_NI_1403_83.pdf,یادداشت فهرست‌بها / فصل‌ها,5651.8,
pdfs_selected/Fhbh_No_Itms/Note_NI_1403_84.pdf,Note_NI_1403_84.pdf,یادداشت فهرست‌بها / فصل‌ها,1895.2,
pdfs_selected/Fhbh_No_Itms/Note_NI_1403_86.pdf,Note_NI_1403_86.pdf,یادداشت فهرست‌بها / فصل‌ها,2627.0,
pdfs_selected/Fhbh_No_Itms/Note_NI_1403_88.pdf,Note_NI_1403_88.pdf,یادداشت فهرست‌بها / فصل‌ها,3296.7,",88"
pdfs_selected/Fhbh_No_Itms/Note_NI_1403_9.pdf,Note_NI_1403_9.pdf,یادداشت فهرست‌بها / فصل‌ها,2637.6,
pdfs_selected/Fhbh_No_Itms/Note_NI_1403_92.pdf,Note_NI_1403_92.pdf,یادداشت فهرست‌بها / فصل‌ها,1671.9,",92"
pdfs_selected/Fhbh_No_Itms/Note_NI_1403_95.pdf,Note_NI_1403_95.pdf,یادداشت فهرست‌بها / فصل‌ها,1123.6,",95"
pdfs_selected/Fhbh_No_Itms/Note_NI_1403_96.pdf,Note_NI_1403_96.pdf,یادداشت فهرست‌بها / فصل‌ها,3028.1,",96"
pdfs_selected/Fhbh_No_Itms/Note_NI_1404_1.pdf,Note_NI_1404_1.pdf,یادداشت فهرست‌بها / فصل‌ها,2729.7,
pdfs_selected/Fhbh_No_Itms/Note_NI_1404_10.pdf,Note_NI_1404_10.pdf,یادداشت فهرست‌بها / فصل‌ها,1502.0,
pdfs_selected/Fhbh_No_Itms/Note_NI_1404_11.pdf,Note_NI_1404_11.pdf,یادداشت فهرست‌بها / فصل‌ها,2041.0,
pdfs_selected/Fhbh_No_Itms/Note_NI_1404_12.pdf,Note_NI_1404_12.pdf,یادداشت فهرست‌بها / فصل‌ها,1377.2,
pdfs_selected/Fhbh_No_Itms/Note_NI_1404_14.pdf,Note_NI_1404_14.pdf,یادداشت فهرست‌بها / فصل‌ها,870.0,
pdfs_selected/Fhbh_No_Itms/Note_NI_1404_15.pdf,Note_NI_1404_15.pdf,یادداشت فهرست‌بها / فصل‌ها,839.6,
pdfs_selected/Fhbh_No_Itms/Note_NI_1404_16.pdf,Note_NI_1404_16.pdf,یادداشت فهرست‌بها / فصل‌ها,771.3,
pdfs_selected/Fhbh_No_Itms/Note_NI_1404_17.pdf,Note_NI_1404_17.pdf,یادداشت فهرست‌بها / فصل‌ها,1148.1,
pdfs_selected/Fhbh_No_Itms/Note_NI_1404_18.pdf,Note_NI_1404_18.pdf,یادداشت فهرست‌بها / فصل‌ها,577.7,
pdfs_selected/Fhbh_No_Itms/Note_NI_1404_19.pdf,Note_NI_1404_19.pdf,یادداشت فهرست‌بها / فصل‌ها,907.8,
pdfs_selected/Fhbh_No_Itms/Note_NI_1404_2.pdf,Note_NI_1404_2.pdf,یادداشت فهرست‌بها / فصل‌ها,1604.5,
pdfs_selected/Fhbh_No_Itms/Note_NI_1404_20.pdf,Note_NI_1404_20.pdf,یادداشت فهرست‌بها / فصل‌ها,878.3,
pdfs_selected/Fhbh_No_Itms/Note_NI_1404_21.pdf,Note_NI_1404_21.pdf,یادداشت فهرست‌بها / فصل‌ها,710.0,
pdfs_selected/Fhbh_No_Itms/Note_NI_1404_22.pdf,Note_NI_1404_22.pdf,یادداشت فهرست‌بها / فصل‌ها,1775.9,
pdfs_selected/Fhbh_No_Itms/Note_NI_1404_23.pdf,Note_NI_1404_23.pdf,یادداشت فهرست‌بها / فصل‌ها,2387.9,
pdfs_selected/Fhbh_No_Itms/Note_NI_1404_24.pdf,Note_NI_1404_24.pdf,یادداشت فهرست‌بها / فصل‌ها,578.4,
pdfs_selected/Fhbh_No_Itms/Note_NI_1404_25.pdf,Note_NI_1404_25.pdf,یادداشت فهرست‌بها / فصل‌ها,1962.4,
pdfs_selected/Fhbh_No_Itms/Note_NI_1404_26.pdf,Note_NI_1404_26.pdf,یادداشت فهرست‌بها / فصل‌ها,805.3,
pdfs_selected/Fhbh_No_Itms/Note_NI_1404_27.pdf,Note_NI_1404_27.pdf,یادداشت فهرست‌بها / فصل‌ها,1791.6,
pdfs_selected/Fhbh_No_Itms/Note_NI_1404_28.pdf,Note_NI_1404_28.pdf,یادداشت فهرست‌بها / فصل‌ها,994.5,
pdfs_selected/Fhbh_No_Itms/Note_NI_1404_29.pdf,Note_NI_1404_29.pdf,یادداشت فهرست‌بها / فصل‌ها,1539.1,
pdfs_selected/Fhbh_No_Itms/Note_NI_1404_3.pdf,Note_NI_1404_3.pdf,یادداشت فهرست‌بها / فصل‌ها,1331.7,
pdfs_selected/Fhbh_No_Itms/Note_NI_1404_30.pdf,Note_NI_1404_30.pdf,یادداشت فهرست‌بها / فصل‌ها,821.9,
pdfs_selected/Fhbh_No_Itms/Note_NI_1404_32.pdf,Note_NI_1404_32.pdf,یادداشت فهرست‌بها / فصل‌ها,609.1,
pdfs_selected/Fhbh_No_Itms/Note_NI_1404_33.pdf,Note_NI_1404_33.pdf,یادداشت فهرست‌بها / فصل‌ها,2215.4,
pdfs_selected/Fhbh_No_Itms/Note_NI_1404_34.pdf,Note_NI_1404_34.pdf,یادداشت فهرست‌بها / فصل‌ها,1397.8,
pdfs_selected/Fhbh_No_Itms/Note_NI_1404_35.pdf,Note_NI_1404_35.pdf,یادداشت فهرست‌بها / فصل‌ها,833.6,
pdfs_selected/Fhbh_No_Itms/Note_NI_1404_36.pdf,Note_NI_1404_36.pdf,یادداشت فهرست‌بها / فصل‌ها,1143.7,
pdfs_selected/Fhbh_No_Itms/Note_NI_1404_38.pdf,Note_NI_1404_38.pdf,یادداشت فهرست‌بها / فصل‌ها,1280.1,
pdfs_selected/Fhbh_No_Itms/Note_NI_1404_39.pdf,Note_NI_1404_39.pdf,یادداشت فهرست‌بها / فصل‌ها,1162.7,
pdfs_selected/Fhbh_No_Itms/Note_NI_1404_4.pdf,Note_NI_1404_4.pdf,یادداشت فهرست‌بها / فصل‌ها,1593.0,
pdfs_selected/Fhbh_No_Itms/Note_NI_1404_40.pdf,Note_NI_1404_40.pdf,یادداشت فهرست‌بها / فصل‌ها,1118.4,
pdfs_selected/Fhbh_No_Itms/Note_NI_1404_41.pdf,Note_NI_1404_41.pdf,یادداشت فهرست‌بها / فصل‌ها,1996.6,
pdfs_selected/Fhbh_No_Itms/Note_NI_1404_42.pdf,Note_NI_1404_42.pdf,یادداشت فهرست‌بها / فصل‌ها,1038.1,
pdfs_selected/Fhbh_No_Itms/Note_NI_1404_43.pdf,Note_NI_1404_43.pdf,یادداشت فهرست‌بها / فصل‌ها,1793.3,
pdfs_selected/Fhbh_No_Itms/Note_NI_1404_44.pdf,Note_NI_1404_44.pdf,یادداشت فهرست‌بها / فصل‌ها,1342.8,
pdfs_selected/Fhbh_No_Itms/Note_NI_1404_45.pdf,Note_NI_1404_45.pdf,یادداشت فهرست‌بها / فصل‌ها,733.3,
pdfs_selected/Fhbh_No_Itms/Note_NI_1404_58.pdf,Note_NI_1404_58.pdf,یادداشت فهرست‌بها / فصل‌ها,1118.5,
pdfs_selected/Fhbh_No_Itms/Note_NI_1404_59.pdf,Note_NI_1404_59.pdf,یادداشت فهرست‌بها / فصل‌ها,1037.7,
pdfs_selected/Fhbh_No_Itms/Note_NI_1404_60.pdf,Note_NI_1404_60.pdf,یادداشت فهرست‌بها / فصل‌ها,1006.0,
pdfs_selected/Fhbh_No_Itms/Note_NI_1404_61.pdf,Note_NI_1404_61.pdf,یادداشت فهرست‌بها / فصل‌ها,948.1,
pdfs_selected/Fhbh_No_Itms/Note_NI_1404_67.pdf,Note_NI_1404_67.pdf,یادداشت فهرست‌بها / فصل‌ها,994.8,
pdfs_selected/Fhbh_No_Itms/Note_NI_1404_68.pdf,Note_NI_1404_68.pdf,یادداشت فهرست‌بها / فصل‌ها,819.1,
pdfs_selected/Fhbh_No_Itms/Note_NI_1404_69.pdf,Note_NI_1404_69.pdf,یادداشت فهرست‌بها / فصل‌ها,545.1,
pdfs_selected/Fhbh_No_Itms/Note_NI_1404_7.pdf,Note_NI_1404_7.pdf,یادداشت فهرست‌بها / فصل‌ها,826.5,
pdfs_selected/Fhbh_No_Itms/Note_NI_1404_70.pdf,Note_NI_1404_70.pdf,یادداشت فهرست‌بها / فصل‌ها,947.7,
pdfs_selected/Fhbh_No_Itms/Note_NI_1404_8.pdf,Note_NI_1404_8.pdf,یادداشت فهرست‌بها / فصل‌ها,2115.5,
pdfs_selected/Fhbh_No_Itms/Note_NI_1404_80.pdf,Note_NI_1404_80.pdf,یادداشت فهرست‌بها / فصل‌ها,3686.3,
pdfs_selected/Fhbh_No_Itms/Note_NI_1404_81.pdf,Note_NI_1404_81.pdf,یادداشت فهرست‌بها / فصل‌ها,2253.3,
pdfs_selected/Fhbh_No_Itms/Note_NI_1404_82.pdf,Note_NI_1404_82.pdf,یادداشت فهرست‌بها / فصل‌ها,2415.5,
pdfs_selected/Fhbh_No_Itms/Note_NI_1404_83.pdf,Note_NI_1404_83.pdf,یادداشت فهرست‌بها / فصل‌ها,5522.2,
pdfs_selected/Fhbh_No_Itms/Note_NI_1404_84.pdf,Note_NI_1404_84.pdf,یادداشت فهرست‌بها / فصل‌ها,3429.1,
pdfs_selected/Fhbh_No_Itms/Note_NI_1404_86.pdf,Note_NI_1404_86.pdf,یادداشت فهرست‌بها / فصل‌ها,3377.8,
pdfs_selected/Fhbh_No_Itms/Note_NI_1404_87.pdf,Note_NI_1404_87.pdf,یادداشت فهرست‌بها / فصل‌ها,2007.9,
pdfs_selected/Fhbh_No_Itms/Note_NI_1404_88.pdf,Note_NI_1404_88.pdf,یادداشت فهرست‌بها / فصل‌ها,2115.4,",88"
pdfs_selected/Fhbh_No_Itms/Note_NI_1404_9.pdf,Note_NI_1404_9.pdf,یادداشت فهرست‌بها / فصل‌ها,1763.6,
pdfs_selected/Fhbh_No_Itms/Note_NI_1404_92.pdf,Note_NI_1404_92.pdf,یادداشت فهرست‌بها / فصل‌ها,1945.7,",92"
pdfs_selected/Fhbh_No_Itms/Note_NI_1404_95.pdf,Note_NI_1404_95.pdf,یادداشت فهرست‌بها / فصل‌ها,1083.3,",95"
pdfs_selected/fhbh/Note_1403_1.pdf,Note_1403_1.pdf,یادداشت فهرست‌بها / فصل‌ها,4547.4,
pdfs_selected/fhbh/Note_1403_10.pdf,Note_1403_10.pdf,یادداشت فهرست‌بها / فصل‌ها,3104.5,
pdfs_selected/fhbh/Note_1403_11.pdf,Note_1403_11.pdf,یادداشت فهرست‌بها / فصل‌ها,2858.0,
pdfs_selected/fhbh/Note_1403_12.pdf,Note_1403_12.pdf,یادداشت فهرست‌بها / فصل‌ها,2496.2,
pdfs_selected/fhbh/Note_1403_14.pdf,Note_1403_14.pdf,یادداشت فهرست‌بها / فصل‌ها,979.9,
pdfs_selected/fhbh/Note_1403_15.pdf,Note_1403_15.pdf,یادداشت فهرست‌بها / فصل‌ها,1017.4,
pdfs_selected/fhbh/Note_1403_16.pdf,Note_1403_16.pdf,یادداشت فهرست‌بها / فصل‌ها,935.6,
pdfs_selected/fhbh/Note_1403_17.pdf,Note_1403_17.pdf,یادداشت فهرست‌بها / فصل‌ها,1029.7,
pdfs_selected/fhbh/Note_1403_18.pdf,Note_1403_18.pdf,یادداشت فهرست‌بها / فصل‌ها,831.3,
pdfs_selected/fhbh/Note_1403_19.pdf,Note_1403_19.pdf,یادداشت فهرست‌بها / فصل‌ها,1220.7,
pdfs_selected/fhbh/Note_1403_2.pdf,Note_1403_2.pdf,یادداشت فهرست‌بها / فصل‌ها,3073.3,
pdfs_selected/fhbh/Note_1403_20.pdf,Note_1403_20.pdf,یادداشت فهرست‌بها / فصل‌ها,1050.4,
pdfs_selected/fhbh/Note_1403_23.pdf,Note_1403_23.pdf,یادداشت فهرست‌بها / فصل‌ها,3240.8,
pdfs_selected/fhbh/Note_1403_24.pdf,Note_1403_24.pdf,یادداشت فهرست‌بها / فصل‌ها,760.8,
pdfs_selected/fhbh/Note_1403_25.pdf,Note_1403_25.pdf,یادداشت فهرست‌بها / فصل‌ها,2856.0,
pdfs_selected/fhbh/Note_1403_26.pdf,Note_1403_26.pdf,یادداشت فهرست‌بها / فصل‌ها,1821.5,
pdfs_selected/fhbh/Note_1403_27.pdf,Note_1403_27.pdf,یادداشت فهرست‌بها / فصل‌ها,2754.4,
pdfs_selected/fhbh/Note_1403_29.pdf,Note_1403_29.pdf,یادداشت فهرست‌بها / فصل‌ها,1592.2,
pdfs_selected/fhbh/Note_1403_3.pdf,Note_1403_3.pdf,یادداشت فهرست‌بها / فصل‌ها,2186.5,
pdfs_selected/fhbh/Note_1403_30.pdf,Note_1403_30.pdf,یادداشت فهرست‌بها / فصل‌ها,1440.7,
pdfs_selected/fhbh/Note_1403_32.pdf,Note_1403_32.pdf,یادداشت فهرست‌بها / فصل‌ها,831.2,
pdfs_selected/fhbh/Note_1403_33.pdf,Note_1403_33.pdf,یادداشت فهرست‌بها / فصل‌ها,4207.1,
pdfs_selected/fhbh/Note_1403_34.pdf,Note_1403_34.pdf,یادداشت فهرست‌بها / فصل‌ها,2217.4,
pdfs_selected/fhbh/Note_1403_35.pdf,Note_1403_35.pdf,یادداشت فهرست‌بها / فصل‌ها,1779.6,
pdfs_selected/fhbh/Note_1403_36.pdf,Note_1403_36.pdf,یادداشت فهرست‌بها / فصل‌ها,1741.3,
pdfs_selected/fhbh/Note_1403_38.pdf,Note_1403_38.pdf,یادداشت فهرست‌بها / فصل‌ها,4356.7,
pdfs_selected/fhbh/Note_1403_39.pdf,Note_1403_39.pdf,یادداشت فهرست‌بها / فصل‌ها,2187.9,
pdfs_selected/fhbh/Note_1403_4.pdf,Note_1403_4.pdf,یادداشت فهرست‌بها / فصل‌ها,3145.3,
pdfs_selected/fhbh/Note_1403_40.pdf,Note_1403_40.pdf,یادداشت فهرست‌بها / فصل‌ها,1246.1,
pdfs_selected/fhbh/Note_1403_41.pdf,Note_1403_41.pdf,یادداشت فهرست‌بها / فصل‌ها,3614.9,
pdfs_selected/fhbh/Note_1403_42.pdf,Note_1403_42.pdf,یادداشت فهرست‌بها / فصل‌ها,1641.1,
pdfs_selected/fhbh/Note_1403_43.pdf,Note_1403_43.pdf,یادداشت فهرست‌بها / فصل‌ها,6098.3,
pdfs_selected/fhbh/Note_1403_44.pdf,Note_1403_44.pdf,یادداشت فهرست‌بها / فصل‌ها,1723.5,
pdfs_selected/fhbh/Note_1403_45.pdf,Note_1403_45.pdf,یادداشت فهرست‌بها / فصل‌ها,2225.6,
pdfs_selected/fhbh/Note_1403_5.pdf,Note_1403_5.pdf,یادداشت فهرست‌بها / فصل‌ها,1836.1,
pdfs_selected/fhbh/Note_1403_58.pdf,Note_1403_58.pdf,یادداشت فهرست‌بها / فصل‌ها,2613.0,
pdfs_selected/fhbh/Note_1403_59.pdf,Note_1403_59.pdf,یادداشت فهرست‌بها / فصل‌ها,2238.6,
pdfs_selected/fhbh/Note_1403_60.pdf,Note_1403_60.pdf,یادداشت فهرست‌بها / فصل‌ها,1883.5,
pdfs_selected/fhbh/Note_1403_61.pdf,Note_1403_61.pdf,یادداشت فهرست‌بها / فصل‌ها,1682.2,
pdfs_selected/fhbh/Note_1403_67.pdf,Note_1403_67.pdf,یادداشت فهرست‌بها / فصل‌ها,1834.0,
pdfs_selected/fhbh/Note_1403_68.pdf,Note_1403_68.pdf,یادداشت فهرست‌بها / فصل‌ها,976.1,
pdfs_selected/fhbh/Note_1403_69.pdf,Note_1403_69.pdf,یادداشت فهرست‌بها / فصل‌ها,685.6,
pdfs_selected/fhbh/Note_1403_7.pdf,Note_1403_7.pdf,یادداشت فهرست‌بها / فصل‌ها,1236.7,
pdfs_selected/fhbh/Note_1403_70.pdf,Note_1403_70.pdf,یادداشت فهرست‌بها / فصل‌ها,1877.4,
pdfs_selected/fhbh/Note_1403_79.pdf,Note_1403_79.pdf,یادداشت فهرست‌بها / فصل‌ها,2841.9,
pdfs_selected/fhbh/Note_1403_8.pdf,Note_1403_8.pdf,یادداشت فهرست‌بها / فصل‌ها,3536.4,
pdfs_selected/fhbh/Note_1403_83.pdf,Note_1403_83.pdf,یادداشت فهرست‌بها / فصل‌ها,6410.2,
pdfs_selected/fhbh/Note_1403_84.pdf,Note_1403_84.pdf,یادداشت فهرست‌بها / فصل‌ها,2373.5,
pdfs_selected/fhbh/Note_1403_86.pdf,Note_1403_86.pdf,یادداشت فهرست‌بها / فصل‌ها,3407.7,
pdfs_selected/fhbh/Note_1403_88.pdf,Note_1403_88.pdf,یادداشت فهرست‌بها / فصل‌ها,3816.5,",88"
pdfs_selected/fhbh/Note_1403_9.pdf,Note_1403_9.pdf,یادداشت فهرست‌بها / فصل‌ها,2990.9,
pdfs_selected/fhbh/Note_1403_92.pdf,Note_1403_92.pdf,یادداشت فهرست‌بها / فصل‌ها,1929.2,",92"
pdfs_selected/fhbh/Note_1403_95.pdf,Note_1403_95.pdf,یادداشت فهرست‌بها / فصل‌ها,1965.0,",95"
pdfs_selected/fhbh/Note_1403_96.pdf,Note_1403_96.pdf,یادداشت فهرست‌بها / فصل‌ها,3317.9,",96"
pdfs_selected/fhbh/Note_1404_1.pdf,Note_1404_1.pdf,یادداشت فهرست‌بها / فصل‌ها,4947.2,
pdfs_selected/fhbh/Note_1404_10.pdf,Note_1404_10.pdf,یادداشت فهرست‌بها / فصل‌ها,1939.6,
pdfs_selected/fhbh/Note_1404_11.pdf,Note_1404_11.pdf,یادداشت فهرست‌بها / فصل‌ها,2595.1,
pdfs_selected/fhbh/Note_1404_12.pdf,Note_1404_12.pdf,یادداشت فهرست‌بها / فصل‌ها,1769.5,
pdfs_selected/fhbh/Note_1404_14.pdf,Note_1404_14.pdf,یادداشت فهرست‌بها / فصل‌ها,1000.5,
pdfs_selected/fhbh/Note_1404_15.pdf,Note_1404_15.pdf,یادداشت فهرست‌بها / فصل‌ها,1020.9,
pdfs_selected/fhbh/Note_1404_16.pdf,Note_1404_16.pdf,یادداشت فهرست‌بها / فصل‌ها,876.2,
pdfs_selected/fhbh/Note_1404_17.pdf,Note_1404_17.pdf,یادداشت فهرست‌بها / فصل‌ها,1322.4,
pdfs_selected/fhbh/Note_1404_18.pdf,Note_1404_18.pdf,یادداشت فهرست‌بها / فصل‌ها,740.8,
pdfs_selected/fhbh/Note_1404_19.pdf,Note_1404_19.pdf,یادداشت فهرست‌بها / فصل‌ها,1199.1,
pdfs_selected/fhbh/Note_1404_2.pdf,Note_1404_2.pdf,یادداشت فهرست‌بها / فصل‌ها,2514.5,
pdfs_selected/fhbh/Note_1404_20.pdf,Note_1404_20.pdf,یادداشت فهرست‌بها / فصل‌ها,1062.7,
pdfs_selected/fhbh/Note_1404_21.pdf,Note_1404_21.pdf,یادداشت فهرست‌بها / فصل‌ها,918.4,
pdfs_selected/fhbh/Note_1404_22.pdf,Note_1404_22.pdf,یادداشت فهرست‌بها / فصل‌ها,2797.7,
pdfs_selected/fhbh/Note_1404_23.pdf,Note_1404_23.pdf,یادداشت فهرست‌بها / فصل‌ها,2918.2,
pdfs_selected/fhbh/Note_1404_24.pdf,Note_1404_24.pdf,یادداشت فهرست‌بها / فصل‌ها,760.8,
pdfs_selected/fhbh/Note_1404_25.pdf,Note_1404_25.pdf,یادداشت فهرست‌بها / فصل‌ها,3271.3,
pdfs_selected/fhbh/Note_1404_26.pdf,Note_1404_26.pdf,یادداشت فهرست‌بها / فصل‌ها,1144.2,
pdfs_selected/fhbh/Note_1404_27.pdf,Note_1404_27.pdf,یادداشت فهرست‌بها / فصل‌ها,3097.0,
pdfs_selected/fhbh/Note_1404_28.pdf,Note_1404_28.pdf,یادداشت فهرست‌بها / فصل‌ها,1181.3,
pdfs_selected/fhbh/Note_1404_29.pdf,Note_1404_29.pdf,یادداشت فهرست‌بها / فصل‌ها,2296.2,
pdfs_selected/fhbh/Note_1404_3.pdf,Note_1404_3.pdf,یادداشت فهرست‌بها / فصل‌ها,2900.2,
pdfs_selected/fhbh/Note_1404_30.pdf,Note_1404_30.pdf,یادداشت فهرست‌بها / فصل‌ها,1074.6,
pdfs_selected/fhbh/Note_1404_32.pdf,Note_1404_32.pdf,یادداشت فهرست‌بها / فصل‌ها,637.1,
pdfs_selected/fhbh/Note_1404_33.pdf,Note_1404_33.pdf,یادداشت فهرست‌بها / فصل‌ها,4464.4,
pdfs_selected/fhbh/Note_1404_34.pdf,Note_1404_34.pdf,یادداشت فهرست‌بها / فصل‌ها,2332.9,
pdfs_selected/fhbh/Note_1404_35.pdf,Note_1404_35.pdf,یادداشت فهرست‌بها / فصل‌ها,999.1,
pdfs_selected/fhbh/Note_1404_36.pdf,Note_1404_36.pdf,یادداشت فهرست‌بها / فصل‌ها,1704.8,
pdfs_selected/fhbh/Note_1404_38.pdf,Note_1404_38.pdf,یادداشت فهرست‌بها / فصل‌ها,4595.3,
pdfs_selected/fhbh/Note_1404_39.pdf,Note_1404_39.pdf,یادداشت فهرست‌بها / فصل‌ها,2268.1,
pdfs_selected/fhbh/Note_1404_4.pdf,Note_1404_4.pdf,یادداشت فهرست‌بها / فصل‌ها,4121.4,
pdfs_selected/fhbh/Note_1404_40.pdf,Note_1404_40.pdf,یادداشت فهرست‌بها / فصل‌ها,1317.8,
pdfs_selected/fhbh/Note_1404_41.pdf,Note_1404_41.pdf,یادداشت فهرست‌بها / فصل‌ها,3833.0,
pdfs_selected/fhbh/Note_1404_42.pdf,Note_1404_42.pdf,یادداشت فهرست‌بها / فصل‌ها,1259.1,
pdfs_selected/fhbh/Note_1404_43.pdf,Note_1404_43.pdf,یادداشت فهرست‌بها / فصل‌ها,3378.1,
pdfs_selected/fhbh/Note_1404_44.pdf,Note_1404_44.pdf,یادداشت فهرست‌بها / فصل‌ها,1694.0,
pdfs_selected/fhbh/Note_1404_45.pdf,Note_1404_45.pdf,یادداشت فهرست‌بها / فصل‌ها,1284.7,
pdfs_selected/fhbh/Note_1404_58.pdf,Note_1404_58.pdf,یادداشت فهرست‌بها / فصل‌ها,2569.9,
pdfs_selected/fhbh/Note_1404_59.pdf,Note_1404_59.pdf,یادداشت فهرست‌بها / فصل‌ها,2215.5,
pdfs_selected/fhbh/Note_1404_60.pdf,Note_1404_60.pdf,یادداشت فهرست‌بها / فصل‌ها,1869.7,
pdfs_selected/fhbh/Note_1404_61.pdf,Note_1404_61.pdf,یادداشت فهرست‌بها / فصل‌ها,1669.6,
pdfs_selected/fhbh/Note_1404_67.pdf,Note_1404_67.pdf,یادداشت فهرست‌بها / فصل‌ها,1792.0,
pdfs_selected/fhbh/Note_1404_68.pdf,Note_1404_68.pdf,یادداشت فهرست‌بها / فصل‌ها,975.6,
pdfs_selected/fhbh/Note_1404_69.pdf,Note_1404_69.pdf,یادداشت فهرست‌بها / فصل‌ها,661.3,
pdfs_selected/fhbh/Note_1404_7.pdf,Note_1404_7.pdf,یادداشت فهرست‌بها / فصل‌ها,1513.9,
pdfs_selected/fhbh/Note_1404_70.pdf,Note_1404_70.pdf,یادداشت فهرست‌بها / فصل‌ها,1993.1,
pdfs_selected/fhbh/Note_1404_8.pdf,Note_1404_8.pdf,یادداشت فهرست‌بها / فصل‌ها,2477.3,
pdfs_selected/fhbh/Note_1404_80.pdf,Note_1404_80.pdf,یادداشت فهرست‌بها / فصل‌ها,4547.3,
pdfs_selected/fhbh/Note_1404_81.pdf,Note_1404_81.pdf,یادداشت فهرست‌بها / فصل‌ها,2548.3,
pdfs_selected/fhbh/Note_1404_82.pdf,Note_1404_82.pdf,یادداشت فهرست‌بها / فصل‌ها,4106.4,
pdfs_selected/fhbh/Note_1404_83.pdf,Note_1404_83.pdf,یادداشت فهرست‌بها / فصل‌ها,6568.3,
pdfs_selected/fhbh/Note_1404_84.pdf,Note_1404_84.pdf,یادداشت فهرست‌بها / فصل‌ها,4493.0,
pdfs_selected/fhbh/Note_1404_86.pdf,Note_1404_86.pdf,یادداشت فهرست‌بها / فصل‌ها,4271.1,
pdfs_selected/fhbh/Note_1404_87.pdf,Note_1404_87.pdf,یادداشت فهرست‌بها / فصل‌ها,2544.7,
pdfs_selected/fhbh/Note_1404_88.pdf,Note_1404_88.pdf,یادداشت فهرست‌بها / فصل‌ها,2340.7,",88"
pdfs_selected/fhbh/Note_1404_9.pdf,Note_1404_9.pdf,یادداشت فهرست‌بها / فصل‌ها,2243.9,
pdfs_selected/fhbh/Note_1404_92.pdf,Note_1404_92.pdf,یادداشت فهرست‌بها / فصل‌ها,2110.5,",92"
pdfs_selected/fhbh/Note_1404_95.pdf,Note_1404_95.pdf,یادداشت فهرست‌بها / فصل‌ها,2559.4,",95"
