id,requirement,reason
EXCEL-001,تمام قالب‌های xls/xlsx باید در نسخه وب به عنوان Template Registry ثبت شوند، نه فایل‌های پراکنده.,هر قالب نقش مشخصی در import/export دارد.
EXCEL-002,نام و ترتیب ستون‌ها در export باید دقیقاً با قالب تکسا حفظ شود.,تکسا/کاربر با copy/paste یا import به ترتیب ستون وابسته است.
EXCEL-003,فیلدهای عددی باید numeric واقعی باشند، نه متن فارسی‌سازی‌شده.,محاسبه و import دوباره نیازمند عدد واقعی است.
EXCEL-004,خروجی‌های فارسی باید RTL، فونت فارسی، و قالب چاپی قابل قبول داشته باشند.,نسخه وب باید UI/خروجی تمیزتر از تکسا ارائه کند.
EXCEL-005,resource_price.xlsx باید import wizard داشته باشد: upload/paste، match کدعامل، پیش‌نمایش اختلاف، تأیید نهایی.,خود فایل توضیح می‌دهد کپی قیمت بر اساس کد عامل مشترک انجام می‌شود.
EXCEL-006,ریزمتره و ریزمتره فعالیت‌محور باید دو حالت جدا داشته باشند.,rzmt_act.xls ستون کد فعالیت اضافه دارد.
EXCEL-007,خلاصه متره باید اتصال به صورت‌مجلس را نگه دارد.,kholaseh_metreh.xls ستون شماره و تاریخ صورت‌مجلس دارد.
EXCEL-008,MS Project integration باید به عنوان فاز جدا دیده شود، نه بخشی از MVP صورت‌وضعیت.,FaragamTemplate.mpp و read_msp workflow جداگانه دارند.
EXCEL-009,برای round-trip، export باید تست snapshot روی header و نوع داده داشته باشد.,تغییر کوچک در header/order می‌تواند import تکسا را خراب کند.
