table,type,role_name,nusv,row_count
brv_intp,0,پیمانکار,2,2
brv_intp,0,پیمانکار,1,1
brv_intp,1,مشاور,1,1
brv_intp,0,پیمانکار,3,1
brv_intp,0,پیمانکار,7,1
brv_intp,1,مشاور,18,1
brv_kosorat,0,پیمانکار,1,6
brv_kosorat,1,مشاور,1,6
brv_kosorat,2,کارفرما,1,6
brv_kosorat,0,پیمانکار,2,6
brv_kosorat,1,مشاور,2,6
brv_kosorat,2,کارفرما,2,6
brv_kosorat,0,پیمانکار,3,6
brv_kosorat,1,مشاور,3,6
brv_kosorat,2,کارفرما,3,6
brv_kosorat,0,پیمانکار,4,6
brv_kosorat,1,مشاور,4,6
brv_kosorat,2,کارفرما,4,6
brv_kosorat,0,پیمانکار,5,6
brv_kosorat,1,مشاور,5,6
brv_kosorat,2,کارفرما,5,6
brv_kosorat,0,پیمانکار,6,6
brv_kosorat,1,مشاور,6,6
brv_kosorat,2,کارفرما,6,6
brv_kosorat,0,پیمانکار,7,6
brv_kosorat,1,مشاور,7,6
brv_kosorat,2,کارفرما,7,6
brv_kosorat,0,پیمانکار,8,6
brv_kosorat,1,مشاور,8,6
brv_kosorat,2,کارفرما,8,6
brv_kosorat,0,پیمانکار,10,6
brv_kosorat,1,مشاور,10,6
brv_kosorat,2,کارفرما,10,6
brv_kosorat,0,پیمانکار,11,6
brv_kosorat,1,مشاور,11,6
brv_kosorat,2,کارفرما,11,6
brv_kosorat,0,پیمانکار,12,6
brv_kosorat,1,مشاور,12,6
brv_kosorat,2,کارفرما,12,6
brv_kosorat,0,پیمانکار,14,6
brv_kosorat,1,مشاور,14,6
brv_kosorat,2,کارفرما,14,6
brv_kosorat,0,پیمانکار,15,6
brv_kosorat,1,مشاور,15,6
brv_kosorat,2,کارفرما,15,6
brv_kosorat,0,پیمانکار,16,6
brv_kosorat,1,مشاور,16,6
brv_kosorat,2,کارفرما,16,6
brv_kosorat,0,پیمانکار,17,6
brv_kosorat,1,مشاور,17,6
brv_kosorat,2,کارفرما,17,6
brv_kosorat,0,پیمانکار,18,6
brv_kosorat,1,مشاور,18,6
brv_kosorat,2,کارفرما,18,6
brv_kosorat,0,پیمانکار,19,6
brv_kosorat,1,مشاور,19,6
brv_kosorat,2,کارفرما,19,6
brv_kosorat,0,پیمانکار,20,6
brv_kosorat,1,مشاور,20,6
brv_kosorat,2,کارفرما,20,6
brv_kosorat,0,پیمانکار,21,6
brv_kosorat,1,مشاور,21,6
brv_kosorat,2,کارفرما,21,6
brv_kosorat,0,پیمانکار,22,6
brv_kosorat,1,مشاور,22,6
brv_kosorat,2,کارفرما,22,6
brv_ahta,0,پیمانکار,2,222
brv_ahta,1,مشاور,18,114
brv_ahta,0,پیمانکار,7,112
brv_ahta,0,پیمانکار,1,111
brv_ahta,1,مشاور,1,111
brv_ahta,0,پیمانکار,3,111
brv_fhpy,0,پیمانکار,0,3
brv_fhpy,0,پیمانکار,1,3
brv_fhpy,0,پیمانکار,2,3
brv_fhpy,0,پیمانکار,3,3
brv_fhpy,0,پیمانکار,4,3
brv_fhpy,0,پیمانکار,5,3
brv_fhpy,0,پیمانکار,6,3
brv_fhpy,0,پیمانکار,7,3
brv_fhpy,0,پیمانکار,8,3
brv_fhpy,0,پیمانکار,10,3
brv_fhpy,0,پیمانکار,11,3
brv_fhpy,0,پیمانکار,12,3
brv_fhpy,0,پیمانکار,14,3
brv_fhpy,0,پیمانکار,15,3
brv_fhpy,0,پیمانکار,16,3
brv_fhpy,0,پیمانکار,17,3
brv_fhpy,0,پیمانکار,18,3
brv_fhpy,0,پیمانکار,19,3
brv_fhpy,0,پیمانکار,20,3
brv_fhpy,0,پیمانکار,21,3
brv_fhpy,0,پیمانکار,22,3
brv_fhpy,1,مشاور,1,3
brv_fhpy,1,مشاور,2,3
brv_fhpy,1,مشاور,3,3
brv_fhpy,1,مشاور,4,3
brv_fhpy,1,مشاور,5,3
brv_fhpy,1,مشاور,6,3
brv_fhpy,1,مشاور,7,3
brv_fhpy,1,مشاور,8,3
brv_fhpy,1,مشاور,10,3
brv_fhpy,1,مشاور,11,3
brv_fhpy,1,مشاور,12,3
brv_fhpy,1,مشاور,14,3
brv_fhpy,1,مشاور,15,3
brv_fhpy,1,مشاور,16,3
brv_fhpy,1,مشاور,17,3
brv_fhpy,1,مشاور,18,3
brv_fhpy,1,مشاور,19,3
brv_fhpy,1,مشاور,20,3
brv_fhpy,1,مشاور,21,3
brv_fhpy,1,مشاور,22,3
brv_fhpy,2,کارفرما,1,3
brv_fhpy,2,کارفرما,2,3
brv_fhpy,2,کارفرما,3,3
brv_fhpy,2,کارفرما,4,3
brv_fhpy,2,کارفرما,5,3
brv_fhpy,2,کارفرما,6,3
brv_fhpy,2,کارفرما,7,3
brv_fhpy,2,کارفرما,8,3
brv_fhpy,2,کارفرما,10,3
brv_fhpy,2,کارفرما,11,3
brv_fhpy,2,کارفرما,12,3
brv_fhpy,2,کارفرما,14,3
brv_fhpy,2,کارفرما,15,3
brv_fhpy,2,کارفرما,16,3
brv_fhpy,2,کارفرما,17,3
brv_fhpy,2,کارفرما,18,3
brv_fhpy,2,کارفرما,19,3
brv_fhpy,2,کارفرما,20,3
brv_fhpy,2,کارفرما,21,3
brv_fhpy,2,کارفرما,22,3
brv_mult,0,پیمانکار,17,112
brv_mult,0,پیمانکار,18,112
brv_mult,0,پیمانکار,19,112
brv_mult,0,پیمانکار,20,112
brv_mult,0,پیمانکار,21,112
brv_mult,0,پیمانکار,22,112
brv_mult,1,مشاور,17,112
brv_mult,1,مشاور,18,112
brv_mult,1,مشاور,19,112
brv_mult,1,مشاور,20,112
brv_mult,1,مشاور,21,112
brv_mult,0,پیمانکار,12,111
brv_mult,0,پیمانکار,14,111
brv_mult,0,پیمانکار,15,111
brv_mult,0,پیمانکار,16,111
brv_mult,1,مشاور,12,111
brv_mult,1,مشاور,14,111
brv_mult,1,مشاور,16,111
brv_mult,0,پیمانکار,5,110
brv_mult,0,پیمانکار,6,110
brv_mult,0,پیمانکار,7,110
brv_mult,0,پیمانکار,8,110
brv_mult,0,پیمانکار,10,110
brv_mult,0,پیمانکار,11,110
brv_mult,1,مشاور,8,110
brv_mult,1,مشاور,10,110
brv_mult,1,مشاور,11,110
brv_mult,0,پیمانکار,0,109
brv_mult,0,پیمانکار,1,109
brv_mult,0,پیمانکار,2,109
brv_mult,0,پیمانکار,3,109
brv_mult,0,پیمانکار,4,109
brv_mult,1,مشاور,1,109
brv_mult,1,مشاور,2,109
brv_mult,1,مشاور,3,109
brv_mult,1,مشاور,4,109
brv_mult,1,مشاور,5,109
brv_mult,1,مشاور,6,109
brv_mult,1,مشاور,7,109
brv_mult,1,مشاور,15,109
brv_mult,1,مشاور,22,109
brv_mult,2,کارفرما,1,109
brv_mult,2,کارفرما,2,109
brv_mult,2,کارفرما,3,109
brv_mult,2,کارفرما,4,109
brv_mult,2,کارفرما,5,109
brv_mult,2,کارفرما,6,109
brv_mult,2,کارفرما,7,109
brv_mult,2,کارفرما,8,109
brv_mult,2,کارفرما,10,109
brv_mult,2,کارفرما,11,109
brv_mult,2,کارفرما,12,109
brv_mult,2,کارفرما,14,109
brv_mult,2,کارفرما,15,109
brv_mult,2,کارفرما,16,109
brv_mult,2,کارفرما,17,109
brv_mult,2,کارفرما,18,109
brv_mult,2,کارفرما,19,109
brv_mult,2,کارفرما,20,109
brv_mult,2,کارفرما,21,109
brv_mult,2,کارفرما,22,109
brv_mogs,0,پیمانکار,19,51
brv_mogs,1,مشاور,19,51
brv_mogs,0,پیمانکار,18,48
brv_mogs,1,مشاور,18,48
brv_mogs,0,پیمانکار,17,43
brv_mogs,0,پیمانکار,22,43
brv_mogs,1,مشاور,17,43
brv_mogs,0,پیمانکار,20,42
brv_mogs,0,پیمانکار,21,42
brv_mogs,1,مشاور,20,42
brv_mogs,1,مشاور,21,42
brv_mogs,0,پیمانکار,16,35
brv_mogs,1,مشاور,16,35
brv_mogs,0,پیمانکار,14,33
brv_mogs,1,مشاور,14,33
brv_mogs,0,پیمانکار,15,32
brv_mogs,0,پیمانکار,12,30
brv_mogs,1,مشاور,12,30
brv_mogs,0,پیمانکار,11,26
brv_mogs,1,مشاور,11,26
brv_mogs,0,پیمانکار,6,22
brv_mogs,0,پیمانکار,7,22
brv_mogs,0,پیمانکار,10,22
brv_mogs,1,مشاور,10,22
brv_mogs,0,پیمانکار,8,20
brv_mogs,1,مشاور,8,20
brv_mogs,0,پیمانکار,5,19
brv_mogs,0,پیمانکار,4,12
brv_mogs,0,پیمانکار,3,7
brv_mogs,0,پیمانکار,2,5
brv_mogs,0,پیمانکار,1,4
brv_mogs,1,مشاور,1,4
brv_fhbh,0,پیمانکار,22,219
brv_fhbh,0,پیمانکار,20,214
brv_fhbh,0,پیمانکار,21,214
brv_fhbh,1,مشاور,20,214
brv_fhbh,1,مشاور,21,214
brv_fhbh,0,پیمانکار,18,201
brv_fhbh,0,پیمانکار,19,201
brv_fhbh,1,مشاور,18,201
brv_fhbh,1,مشاور,19,201
brv_fhbh,0,پیمانکار,17,197
brv_fhbh,1,مشاور,17,197
brv_fhbh,0,پیمانکار,15,193
brv_fhbh,0,پیمانکار,16,193
brv_fhbh,1,مشاور,16,193
brv_fhbh,1,مشاور,14,190
brv_fhbh,0,پیمانکار,14,165
brv_fhbh,1,مشاور,11,160
brv_fhbh,0,پیمانکار,12,158
brv_fhbh,1,مشاور,12,158
brv_fhbh,1,مشاور,10,156
brv_fhbh,0,پیمانکار,11,154
brv_fhbh,0,پیمانکار,10,153
brv_fhbh,1,مشاور,8,138
brv_fhbh,0,پیمانکار,8,137
brv_fhbh,0,پیمانکار,6,123
brv_fhbh,0,پیمانکار,7,123
brv_fhbh,0,پیمانکار,5,116
brv_fhbh,0,پیمانکار,4,92
brv_fhbh,0,پیمانکار,3,88
brv_fhbh,0,پیمانکار,2,61
brv_fhbh,1,مشاور,1,52
brv_fhbh,0,پیمانکار,1,40
brv_rzmt,0,پیمانکار,19,466
brv_rzmt,1,مشاور,19,466
brv_rzmt,0,پیمانکار,18,419
brv_rzmt,1,مشاور,18,419
brv_rzmt,0,پیمانکار,17,383
brv_rzmt,1,مشاور,17,383
brv_rzmt,1,مشاور,21,369
brv_rzmt,0,پیمانکار,20,368
brv_rzmt,1,مشاور,20,368
brv_rzmt,0,پیمانکار,21,368
brv_rzmt,0,پیمانکار,22,350
brv_rzmt,0,پیمانکار,16,321
brv_rzmt,1,مشاور,16,321
brv_rzmt,1,مشاور,14,315
brv_rzmt,0,پیمانکار,14,312
brv_rzmt,0,پیمانکار,15,300
brv_rzmt,0,پیمانکار,12,283
brv_rzmt,1,مشاور,12,283
brv_rzmt,1,مشاور,11,275
brv_rzmt,0,پیمانکار,11,264
brv_rzmt,1,مشاور,10,229
brv_rzmt,0,پیمانکار,10,222
brv_rzmt,1,مشاور,8,168
brv_rzmt,0,پیمانکار,8,167
brv_rzmt,0,پیمانکار,6,162
brv_rzmt,0,پیمانکار,7,162
brv_rzmt,0,پیمانکار,5,132
brv_rzmt,0,پیمانکار,2,71
brv_rzmt,0,پیمانکار,4,71
brv_rzmt,0,پیمانکار,3,49
brv_rzmt,1,مشاور,1,43
brv_rzmt,0,پیمانکار,1,42
brv_khmt,0,پیمانکار,19,430
brv_khmt,1,مشاور,19,430
brv_khmt,1,مشاور,18,391
brv_khmt,0,پیمانکار,18,390
brv_khmt,0,پیمانکار,17,359
brv_khmt,1,مشاور,17,359
brv_khmt,1,مشاور,21,344
brv_khmt,0,پیمانکار,20,342
brv_khmt,1,مشاور,20,342
brv_khmt,0,پیمانکار,21,342
brv_khmt,0,پیمانکار,22,341
brv_khmt,0,پیمانکار,16,286
brv_khmt,1,مشاور,16,286
brv_khmt,1,مشاور,14,282
brv_khmt,0,پیمانکار,14,279
brv_khmt,0,پیمانکار,15,271
brv_khmt,0,پیمانکار,12,244
brv_khmt,1,مشاور,12,244
brv_khmt,1,مشاور,11,234
brv_khmt,0,پیمانکار,11,227
brv_khmt,1,مشاور,10,195
brv_khmt,0,پیمانکار,10,187
brv_khmt,1,مشاور,8,158
brv_khmt,0,پیمانکار,8,157
brv_khmt,0,پیمانکار,7,153
brv_khmt,0,پیمانکار,6,152
brv_khmt,0,پیمانکار,5,123
brv_khmt,0,پیمانکار,4,67
brv_khmt,0,پیمانکار,3,49
brv_khmt,0,پیمانکار,2,25
brv_khmt,1,مشاور,1,20
brv_khmt,0,پیمانکار,1,17
brv_bgml,0,پیمانکار,18,87
brv_bgml,1,مشاور,18,87
brv_bgml,0,پیمانکار,19,87
brv_bgml,1,مشاور,19,87
brv_bgml,0,پیمانکار,20,87
brv_bgml,1,مشاور,20,87
brv_bgml,0,پیمانکار,21,87
brv_bgml,1,مشاور,21,87
brv_bgml,0,پیمانکار,17,85
brv_bgml,1,مشاور,17,85
brv_bgml,1,مشاور,14,83
brv_bgml,0,پیمانکار,15,82
brv_bgml,0,پیمانکار,16,82
brv_bgml,1,مشاور,16,82
brv_bgml,0,پیمانکار,22,81
brv_bgml,1,مشاور,11,67
brv_bgml,1,مشاور,10,66
brv_bgml,0,پیمانکار,14,66
brv_bgml,0,پیمانکار,12,65
brv_bgml,1,مشاور,12,65
brv_bgml,0,پیمانکار,10,64
brv_bgml,0,پیمانکار,11,64
brv_bgml,1,مشاور,8,62
brv_bgml,0,پیمانکار,8,61
brv_bgml,0,پیمانکار,6,49
brv_bgml,0,پیمانکار,7,49
brv_bgml,0,پیمانکار,5,45
brv_bgml,0,پیمانکار,3,33
brv_bgml,0,پیمانکار,4,33
brv_bgml,0,پیمانکار,2,22
brv_bgml,1,مشاور,1,18
brv_bgml,0,پیمانکار,1,17
brv_hmpy_rzmt,1,مشاور,19,257
brv_hmpy_rzmt,1,مشاور,18,234
brv_hmpy_rzmt,1,مشاور,17,212
brv_hmpy_rzmt,0,پیمانکار,20,205
brv_hmpy_rzmt,1,مشاور,20,205
brv_hmpy_rzmt,1,مشاور,21,205
brv_hmpy_rzmt,0,پیمانکار,22,205
brv_hmpy_rzmt,0,پیمانکار,14,172
brv_hmpy_rzmt,1,مشاور,14,172
brv_hmpy_rzmt,0,پیمانکار,16,172
brv_hmpy_rzmt,1,مشاور,16,172
brv_hmpy_rzmt,0,پیمانکار,15,164
brv_hmpy_rzmt,0,پیمانکار,12,148
brv_hmpy_rzmt,1,مشاور,12,148
brv_hmpy_rzmt,1,مشاور,11,133
brv_hmpy_rzmt,1,مشاور,10,109
brv_hmpy_rzmt,0,پیمانکار,6,107
brv_hmpy_rzmt,0,پیمانکار,7,107
brv_hmpy_rzmt,0,پیمانکار,8,93
brv_hmpy_rzmt,0,پیمانکار,5,86
brv_hmpy_rzmt,0,پیمانکار,4,29
brv_hmpy_rzmt,0,پیمانکار,3,16
brv_hmpy_rzmt,0,پیمانکار,2,13
brv_hmpy_rzmt,0,پیمانکار,1,9
brv_hmpy_rzmt,1,مشاور,1,9
brv_dstn_main_rzmt,0,پیمانکار,19,1531
brv_dstn_main_rzmt,1,مشاور,19,1531
brv_dstn_main_rzmt,0,پیمانکار,18,1441
brv_dstn_main_rzmt,1,مشاور,18,1441
brv_dstn_main_rzmt,0,پیمانکار,17,1291
brv_dstn_main_rzmt,1,مشاور,17,1291
brv_dstn_main_rzmt,0,پیمانکار,22,1291
brv_dstn_main_rzmt,0,پیمانکار,20,1261
brv_dstn_main_rzmt,1,مشاور,20,1261
brv_dstn_main_rzmt,0,پیمانکار,21,1261
brv_dstn_main_rzmt,1,مشاور,21,1261
brv_dstn_main_rzmt,0,پیمانکار,16,1051
brv_dstn_main_rzmt,1,مشاور,16,1051
brv_dstn_main_rzmt,0,پیمانکار,14,991
brv_dstn_main_rzmt,1,مشاور,14,991
brv_dstn_main_rzmt,0,پیمانکار,15,961
brv_dstn_main_rzmt,0,پیمانکار,12,901
brv_dstn_main_rzmt,1,مشاور,12,901
brv_dstn_main_rzmt,0,پیمانکار,11,781
brv_dstn_main_rzmt,1,مشاور,11,781
brv_dstn_main_rzmt,0,پیمانکار,6,661
brv_dstn_main_rzmt,0,پیمانکار,7,661
brv_dstn_main_rzmt,0,پیمانکار,10,661
brv_dstn_main_rzmt,1,مشاور,10,661
brv_dstn_main_rzmt,0,پیمانکار,8,601
brv_dstn_main_rzmt,1,مشاور,8,601
brv_dstn_main_rzmt,0,پیمانکار,5,571
brv_dstn_main_rzmt,0,پیمانکار,4,361
brv_dstn_main_rzmt,0,پیمانکار,3,211
brv_dstn_main_rzmt,0,پیمانکار,2,151
brv_dstn_main_rzmt,0,پیمانکار,1,121
brv_dstn_main_rzmt,1,مشاور,1,121
brv_sorc_all,0,پیمانکار,1,5
brv_sorc_all,0,پیمانکار,2,5
brv_sorc_all,0,پیمانکار,3,5
brv_sorc_all,0,پیمانکار,4,5
brv_sorc_all,0,پیمانکار,5,5
brv_sorc_all,0,پیمانکار,6,5
brv_sorc_all,0,پیمانکار,7,5
brv_sorc_all,0,پیمانکار,8,5
brv_sorc_all,0,پیمانکار,10,5
brv_sorc_all,0,پیمانکار,11,5
brv_sorc_all,0,پیمانکار,12,5
brv_sorc_all,0,پیمانکار,14,5
brv_sorc_all,0,پیمانکار,15,5
brv_sorc_all,0,پیمانکار,16,5
brv_sorc_all,0,پیمانکار,17,5
brv_sorc_all,0,پیمانکار,18,5
brv_sorc_all,0,پیمانکار,19,5
brv_sorc_all,0,پیمانکار,20,5
brv_sorc_all,0,پیمانکار,21,5
brv_sorc_all,0,پیمانکار,22,5
brv_sorc_all,1,مشاور,8,5
brv_sorc_all,1,مشاور,10,5
brv_sorc_all,1,مشاور,11,5
brv_sorc_all,1,مشاور,12,5
brv_sorc_all,1,مشاور,14,5
brv_sorc_all,1,مشاور,16,5
brv_sorc_all,1,مشاور,17,5
brv_sorc_all,1,مشاور,18,5
brv_sorc_all,1,مشاور,19,5
brv_sorc_all,1,مشاور,20,5
brv_sorc_all,1,مشاور,21,5
brv_sorc,0,پیمانکار,1,5
brv_sorc,0,پیمانکار,2,5
brv_sorc,0,پیمانکار,3,5
brv_sorc,0,پیمانکار,4,5
brv_sorc,0,پیمانکار,5,5
brv_sorc,0,پیمانکار,6,5
brv_sorc,0,پیمانکار,7,5
brv_sorc,0,پیمانکار,8,5
brv_sorc,0,پیمانکار,10,5
brv_sorc,0,پیمانکار,11,5
brv_sorc,0,پیمانکار,12,5
brv_sorc,0,پیمانکار,14,5
brv_sorc,0,پیمانکار,15,5
brv_sorc,0,پیمانکار,16,5
brv_sorc,0,پیمانکار,17,5
brv_sorc,0,پیمانکار,18,5
brv_sorc,0,پیمانکار,19,5
brv_sorc,0,پیمانکار,20,5
brv_sorc,0,پیمانکار,21,5
brv_sorc,0,پیمانکار,22,5
brv_sorc,1,مشاور,8,5
brv_sorc,1,مشاور,10,5
brv_sorc,1,مشاور,11,5
brv_sorc,1,مشاور,12,5
brv_sorc,1,مشاور,14,5
brv_sorc,1,مشاور,16,5
brv_sorc,1,مشاور,17,5
brv_sorc,1,مشاور,18,5
brv_sorc,1,مشاور,19,5
brv_sorc,1,مشاور,20,5
brv_sorc,1,مشاور,21,5
brv_nmmhb,0,پیمانکار,1,5
brv_nmmhb,0,پیمانکار,2,5
brv_nmmhb,0,پیمانکار,3,5
brv_nmmhb,0,پیمانکار,4,5
brv_nmmhb,0,پیمانکار,5,5
brv_nmmhb,0,پیمانکار,6,5
brv_nmmhb,0,پیمانکار,7,5
brv_nmmhb,0,پیمانکار,8,5
brv_nmmhb,0,پیمانکار,10,5
brv_nmmhb,0,پیمانکار,11,5
brv_nmmhb,0,پیمانکار,12,5
brv_nmmhb,0,پیمانکار,14,5
brv_nmmhb,0,پیمانکار,15,5
brv_nmmhb,0,پیمانکار,16,5
brv_nmmhb,0,پیمانکار,17,5
brv_nmmhb,0,پیمانکار,18,5
brv_nmmhb,0,پیمانکار,19,5
brv_nmmhb,0,پیمانکار,20,5
brv_nmmhb,0,پیمانکار,21,5
brv_nmmhb,0,پیمانکار,22,5
brv_nmmhb,1,مشاور,8,5
brv_nmmhb,1,مشاور,10,5
brv_nmmhb,1,مشاور,11,5
brv_nmmhb,1,مشاور,12,5
brv_nmmhb,1,مشاور,14,5
brv_nmmhb,1,مشاور,16,5
brv_nmmhb,1,مشاور,17,5
brv_nmmhb,1,مشاور,18,5
brv_nmmhb,1,مشاور,19,5
brv_nmmhb,1,مشاور,20,5
brv_nmmhb,1,مشاور,21,5
brv_Jobrankosoorat,0,پیمانکار,1,6
brv_Jobrankosoorat,1,مشاور,1,6
brv_Jobrankosoorat,0,پیمانکار,2,6
brv_Jobrankosoorat,0,پیمانکار,3,6
brv_Jobrankosoorat,0,پیمانکار,4,6
brv_Jobrankosoorat,0,پیمانکار,5,6
brv_Jobrankosoorat,0,پیمانکار,6,6
brv_Jobrankosoorat,0,پیمانکار,7,6
brv_Jobrankosoorat,0,پیمانکار,8,6
brv_Jobrankosoorat,1,مشاور,8,6
brv_Jobrankosoorat,0,پیمانکار,10,6
brv_Jobrankosoorat,1,مشاور,10,6
brv_Jobrankosoorat,0,پیمانکار,11,6
brv_Jobrankosoorat,1,مشاور,11,6
brv_Jobrankosoorat,2,کارفرما,11,6
brv_Jobrankosoorat,0,پیمانکار,12,6
brv_Jobrankosoorat,1,مشاور,12,6
brv_Jobrankosoorat,0,پیمانکار,14,6
brv_Jobrankosoorat,0,پیمانکار,15,6
brv_Jobrankosoorat,0,پیمانکار,16,6
brv_Jobrankosoorat,1,مشاور,16,6
brv_Jobrankosoorat,0,پیمانکار,17,6
brv_Jobrankosoorat,1,مشاور,17,6
brv_Jobrankosoorat,0,پیمانکار,18,6
brv_Jobrankosoorat,1,مشاور,18,6
brv_Jobrankosoorat,0,پیمانکار,19,6
brv_Jobrankosoorat,1,مشاور,19,6
brv_Jobrankosoorat,0,پیمانکار,20,6
brv_Jobrankosoorat,0,پیمانکار,21,6
brv_Jobrankosoorat,1,مشاور,21,6
brv_Jobrankosoorat,0,پیمانکار,22,6
brv_Arzkosoorat,0,پیمانکار,1,6
brv_Arzkosoorat,1,مشاور,1,6
brv_Arzkosoorat,0,پیمانکار,2,6
brv_Arzkosoorat,0,پیمانکار,3,6
brv_Arzkosoorat,0,پیمانکار,4,6
brv_Arzkosoorat,0,پیمانکار,5,6
brv_Arzkosoorat,0,پیمانکار,6,6
brv_Arzkosoorat,0,پیمانکار,7,6
brv_Arzkosoorat,0,پیمانکار,8,6
brv_Arzkosoorat,1,مشاور,8,6
brv_Arzkosoorat,0,پیمانکار,10,6
brv_Arzkosoorat,1,مشاور,10,6
brv_Arzkosoorat,0,پیمانکار,11,6
brv_Arzkosoorat,1,مشاور,11,6
brv_Arzkosoorat,2,کارفرما,11,6
brv_Arzkosoorat,0,پیمانکار,12,6
brv_Arzkosoorat,1,مشاور,12,6
brv_Arzkosoorat,0,پیمانکار,14,6
brv_Arzkosoorat,0,پیمانکار,15,6
brv_Arzkosoorat,0,پیمانکار,16,6
brv_Arzkosoorat,1,مشاور,16,6
brv_Arzkosoorat,0,پیمانکار,17,6
brv_Arzkosoorat,1,مشاور,17,6
brv_Arzkosoorat,0,پیمانکار,18,6
brv_Arzkosoorat,1,مشاور,18,6
brv_Arzkosoorat,0,پیمانکار,19,6
brv_Arzkosoorat,1,مشاور,19,6
brv_Arzkosoorat,0,پیمانکار,20,6
brv_Arzkosoorat,0,پیمانکار,21,6
brv_Arzkosoorat,1,مشاور,21,6
brv_Arzkosoorat,0,پیمانکار,22,6
brv_Tadilkosorat,0,پیمانکار,1,6
brv_Tadilkosorat,1,مشاور,1,6
brv_Tadilkosorat,0,پیمانکار,2,6
brv_Tadilkosorat,0,پیمانکار,3,6
brv_Tadilkosorat,0,پیمانکار,4,6
brv_Tadilkosorat,0,پیمانکار,5,6
brv_Tadilkosorat,0,پیمانکار,6,6
brv_Tadilkosorat,0,پیمانکار,7,6
brv_Tadilkosorat,0,پیمانکار,8,6
brv_Tadilkosorat,1,مشاور,8,6
brv_Tadilkosorat,0,پیمانکار,10,6
brv_Tadilkosorat,1,مشاور,10,6
brv_Tadilkosorat,0,پیمانکار,11,6
brv_Tadilkosorat,1,مشاور,11,6
brv_Tadilkosorat,0,پیمانکار,12,6
brv_Tadilkosorat,1,مشاور,12,6
brv_Tadilkosorat,0,پیمانکار,14,6
brv_Tadilkosorat,1,مشاور,14,6
brv_Tadilkosorat,0,پیمانکار,15,6
brv_Tadilkosorat,0,پیمانکار,16,6
brv_Tadilkosorat,1,مشاور,16,6
brv_Tadilkosorat,0,پیمانکار,17,6
brv_Tadilkosorat,1,مشاور,17,6
brv_Tadilkosorat,0,پیمانکار,18,6
brv_Tadilkosorat,1,مشاور,18,6
brv_Tadilkosorat,0,پیمانکار,19,6
brv_Tadilkosorat,1,مشاور,19,6
brv_Tadilkosorat,0,پیمانکار,20,6
brv_Tadilkosorat,1,مشاور,20,6
brv_Tadilkosorat,0,پیمانکار,21,6
brv_Tadilkosorat,1,مشاور,21,6
brv_Tadilkosorat,0,پیمانکار,22,6
