grid_name,module_family,workflow_role,column_count,visible_columns,hidden_columns,readonly_columns,input_or_calc_columns,headers_sample,data_props_sample,web_ui_recommendation
Ana_ensani,آنالیز بها / منابع,تحلیل عوامل چهارگانه و قیمت منابع,8,8,0,0,4,ردیف | کدعامل | شرح نیروی انسانی | واحد | مقدار | بهای واحد | ضریب | بهای کل,nmb_rad | nmb_code_amel | src_dscr | src_unit | nmb_quan | nmb_zrib,نمای درختی عوامل چهارگانه + کارت قیمت منابع و مقایسه مبنا/آمار/روز
Ana_haml,آنالیز بها / منابع,تحلیل عوامل چهارگانه و قیمت منابع,8,8,0,0,4,ردیف | کدعامل | شرح حمل | واحد | مقدار | بهای واحد | ضریب | بهای کل,nmb_rad | nmb_code_amel | src_dscr | src_unit | nmb_quan | nmb_zrib,نمای درختی عوامل چهارگانه + کارت قیمت منابع و مقایسه مبنا/آمار/روز
Ana_machine,آنالیز بها / منابع,تحلیل عوامل چهارگانه و قیمت منابع,8,8,0,0,4,ردیف | کدعامل | شرح ماشین آلات | واحد | مقدار | بهای واحد | ضریب | بهای کل,nmb_rad | nmb_code_amel | src_dscr | src_unit | nmb_quan | nmb_zrib,نمای درختی عوامل چهارگانه + کارت قیمت منابع و مقایسه مبنا/آمار/روز
Ana_masaleh,آنالیز بها / منابع,تحلیل عوامل چهارگانه و قیمت منابع,8,8,0,0,4,ردیف | کدعامل | شرح مصالح | واحد | مقدار | بهای واحد | ضریب | بهای کل,nmb_rad | nmb_code_amel | src_dscr | src_unit | nmb_quan | nmb_zrib,نمای درختی عوامل چهارگانه + کارت قیمت منابع و مقایسه مبنا/آمار/روز
ana_ensani_4951,آنالیز بها / منابع,تحلیل عوامل چهارگانه و قیمت منابع,8,8,0,0,4,ردیف | کدعامل | شرح نیروی انسانی | واحد | مقدار | بهای واحد | ضریب | بهای کل,nmb_rad | nmb_code_amel | src_dscr | src_unit | nmb_quan | nmb_zrib,نمای درختی عوامل چهارگانه + کارت قیمت منابع و مقایسه مبنا/آمار/روز
ana_haml_4951,آنالیز بها / منابع,تحلیل عوامل چهارگانه و قیمت منابع,8,8,0,0,4,ردیف | کدعامل | شرح حمل | واحد | مقدار | بهای واحد | ضریب | بهای کل,nmb_rad | nmb_code_amel | src_dscr | src_unit | nmb_quan | nmb_zrib,نمای درختی عوامل چهارگانه + کارت قیمت منابع و مقایسه مبنا/آمار/روز
ana_machine_4951,آنالیز بها / منابع,تحلیل عوامل چهارگانه و قیمت منابع,8,8,0,0,4,ردیف | کدعامل | شرح ماشین آلات | واحد | مقدار | بهای واحد | ضریب | بهای کل,nmb_rad | nmb_code_amel | src_dscr | src_unit | nmb_quan | nmb_zrib,نمای درختی عوامل چهارگانه + کارت قیمت منابع و مقایسه مبنا/آمار/روز
ana_masaleh_4951,آنالیز بها / منابع,تحلیل عوامل چهارگانه و قیمت منابع,8,8,0,0,4,ردیف | کدعامل | شرح مصالح | واحد | مقدار | بهای واحد | ضریب | بهای کل,nmb_rad | nmb_code_amel | src_dscr | src_unit | nmb_quan | nmb_zrib,نمای درختی عوامل چهارگانه + کارت قیمت منابع و مقایسه مبنا/آمار/روز
Note_10000_brv,برآورد,تعریف برآورد و آیتم‌های پایه,6,6,0,0,3,عنوان دفترچه | مبلغ برآوردی با احتساب ضرایب | مبلغ تعدیل | مبلغ ریالی کل | هزینه تجهیز برآوردی | اقلام فاکتوری,fhp_abst | fhp_mb_fhsx_z | fhp_mb_tdil_10000 | fhp_mb_10000_z | fhp_mbtj | fhp_mbfc_z,جدول حرفه‌ای با گروه‌بندی فصل/دفترچه، جمع‌های sticky، فیلتر، و ویرایش inline محدود
Note_63219_brv,برآورد,تعریف برآورد و آیتم‌های پایه,4,4,0,0,1,عنوان دفترچه | مبلغ برآوردی با احتساب ضرایب | هزینه تجهیز برآوردی | برآوردی با ضرایب + تجهیز,fhp_abst | fhp_mb_fhsx_z | fhp_mbtj | fhp_mb_fhsx_z_mbtj,جدول حرفه‌ای با گروه‌بندی فصل/دفترچه، جمع‌های sticky، فیلتر، و ویرایش inline محدود
Note_doing_zrib_brv,برآورد,تعریف برآورد و آیتم‌های پایه,10,10,0,0,3,%اجرا | جمع اجرا شده | تجهیز اجرا | ردیف | عنوان دفترچه | فهرست بها | ستاره دار | مبلغ تجهیز | جمع برآوردی | % وزنی,fhp_pr_work_z | fhp_mb_work_z | fhp_mbtj_work | fhp_rad | fhp_abst | fhp_mbfh_z | fhp_mbsx_z | fhp_mbtj | fhp_mb_totl_z | fhp_prbv_z,جدول حرفه‌ای با گروه‌بندی فصل/دفترچه، جمع‌های sticky، فیلتر، و ویرایش inline محدود
Note_list_argham_brv,برآورد,تعریف برآورد و آیتم‌های پایه,11,11,0,0,0,دفترچه | جمع خالص | منطقه ای | ارتفاع | طبقات | صعوبت | تطبیق | بالا سری | تجهیز | جمع کل | اقلام فاکتوری,fhp_abst | fhp_mb_fhsx | fhp_mb_loca | fhp_mb_heit | fhp_mb_taba | fhp_mb_hard | fhp_mb_tatb | fhp_mb_ovhd | fhp_mbtj | fhp_mb_sumz | fhp_mbfc_z,جدول حرفه‌ای با گروه‌بندی فصل/دفترچه، جمع‌های sticky، فیلتر، و ویرایش inline محدود
Note_list_argham_s_brv,برآورد,تعریف برآورد و آیتم‌های پایه,14,14,0,0,0,دفترچه | جمع خالص | منطقه ای | ارتفاع | طبقات | صعوبت | تطبیق | سایر1 | سایر2 | سایر3 | بالا سری | تجهیز,fhp_abst | fhp_mb_fhsx | fhp_mb_loca | fhp_mb_heit | fhp_mb_taba | fhp_mb_hard | fhp_mb_tatb | fhp_mb_oth1 | fhp_mb_oth2 | fhp_mb_oth3 | fhp_mb_ovhd | fhp_mbtj,جدول حرفه‌ای با گروه‌بندی فصل/دفترچه، جمع‌های sticky، فیلتر، و ویرایش inline محدود
Note_list_nozr_brv,برآورد,تعریف برآورد و آیتم‌های پایه,8,8,0,0,0,ردیف | عنوان دفترچه | فهرست بها | ستاره دار | جمع برآوردی | تجهیزباضرایب | جمع برآوردی کل | اقلام فاکتوری,fhp_rad | fhp_abst | fhp_mbfh | fhp_mbsx | fhp_mb_fhsx | fhp_mbtj | fhp_mb_totl | fhp_mbfc,جدول حرفه‌ای با گروه‌بندی فصل/دفترچه، جمع‌های sticky، فیلتر، و ویرایش inline محدود
Note_list_zrib_brv,برآورد,تعریف برآورد و آیتم‌های پایه,9,9,0,0,2,ردیف | عنوان دفترچه | فهرست بها | ستاره دار | جمع برآوردی | مبلغ تجهیز | جمع برآوردی کل | % ستاره دار | اقلام فاکتوری,fhp_rad | fhp_abst | fhp_mbfh_z | fhp_mbsx_z | fhp_mb_fhsx_z | fhp_mbtj | fhp_mb_totl_z | fhp_mb_astr_z_darsad | fhp_mbfc_z,جدول حرفه‌ای با گروه‌بندی فصل/دفترچه، جمع‌های sticky، فیلتر، و ویرایش inline محدود
Note_sarjam_brv,برآورد,تعریف برآورد و آیتم‌های پایه,11,11,0,0,8,عنوان دفترچه | آخرین شاخص رشته ای ابلاغی E | شاخص رشته ای دوره مبنای فهرست M | شاخص رشته ای دوره متناظر ابلاغی N | درصد تغییر متوسط یک دوره 3 ماهه C=[E/N-1]/4 | ضریب هم ترازی B | مبلغ برآورد کار براساس آخرین فهرست بهای پایه ابلاغی A | ضریب تعدیل رشته ای نهایی B*[C*D+1] | مبلغ برآورد بهنگام شده تا زمان برگزاری مناقصه و زمان اجرای کار F=(A*B)*[C*D+1] | هزینه تجهیز برآوردی ویژه سرجمع | اقلام فاکتوری,fhp_abst | shk_eblaghi | shk_pd_m | shk_motanazer | fhp_prcn_dore_srjm | fhp_zrib_hamtaraz_srjm | fhp_pctl_srjm | fhp_zrib_tdil_srjm | fhp_pctd_srjm | fhp_tjhz_srjm | fhp_mbfc_z,جدول حرفه‌ای با گروه‌بندی فصل/دفترچه، جمع‌های sticky، فیلتر، و ویرایش inline محدود
Note_tdil_nozr_brv,برآورد,تعریف برآورد و آیتم‌های پایه,10,10,0,0,3,ردیف | عنوان دفترچه | فهرست بها + تعدیل | ستاره دار + تعدیل | جمع برآورد + تعدیل | تجهیزباضرایب + تعدیل | جمع برآوردی کل + تعدیل | %وزنی | شاخص مبنا | شاخص جاری,fhp_rad | fhp_abst | fhp_mbfh_tdil | fhp_mbsx_tdil | fhp_mbsx_mbfh_tdil | fhp_mbtj_tdil | fhp_mb_totl_tdil | fhp_prbv_tdil | shk_pd_m | shk_pd_j,جدول حرفه‌ای با گروه‌بندی فصل/دفترچه، جمع‌های sticky، فیلتر، و ویرایش inline محدود
Note_tdil_zrib_brv,برآورد,تعریف برآورد و آیتم‌های پایه,10,10,0,0,3,ردیف | عنوان دفترچه | فهرست بها + تعدیل | ستاره دار + تعدیل | جمع برآورد + تعدیل | هزینه تجهیز برآوردی + تعدیل | جمع برآوردی کل + تعدیل | % وزنی | شاخص مبنا | شاخص جاری,fhp_rad | fhp_abst | fhp_mbfh_tdil_z | fhp_mbsx_tdil_z | fhp_mbsx_mbfh_tdil_z | fhp_mbtj_tdil | fhp_mb_totl_tdil_z | fhp_prbv_tdil_z | shk_pd_m | shk_pd_j,جدول حرفه‌ای با گروه‌بندی فصل/دفترچه، جمع‌های sticky، فیلتر، و ویرایش inline محدود
Note_v4951_brv,برآورد,تعریف برآورد و آیتم‌های پایه,7,7,0,0,1,ردیف | عنوان دفترچه | جمع فصلها | هزینه بالاسری | هزینه تجهیز و ... | جمع (برآورد کل) | % وزنی,fhp_rad | fhp_abst | fhp_mb49 | fhp_mb_ovhd | fhp_mbtj | fhp_tl49 | fhp_prbv_49,جدول حرفه‌ای با گروه‌بندی فصل/دفترچه، جمع‌های sticky، فیلتر، و ویرایش inline محدود
Zrpy_brv_astr,برآورد,تعریف برآورد و آیتم‌های پایه,15,14,1,2,0,ردیف | فصل پایه | فصل | شرح فصل | تعداد زیرفصل | حاصلضرایب,mlt_rad | mlt_Prnuse | mlt_nuse | mlt_name | mlt_SubCount | mlt_sumz_s | mlt_oth3_s | mlt_oth2_s | mlt_oth1_s | mlt_ovhd_s | mlt_tatb_s | mlt_hard_s,جدول حرفه‌ای با گروه‌بندی فصل/دفترچه، جمع‌های sticky، فیلتر، و ویرایش inline محدود
Zrpy_brv_fact,برآورد,تعریف برآورد و آیتم‌های پایه,15,14,1,2,0,ردیف | فصل پایه | فصل | شرح فصل | تعداد زیرفصل | حاصلضرایب,mlt_rad | mlt_Prnuse | mlt_nuse | mlt_name | mlt_SubCount | mlt_sumz_fc | mlt_oth3_fc | mlt_oth2_fc | mlt_oth1_fc | mlt_ovhd_fc | mlt_tatb_fc | mlt_hard_fc,جدول حرفه‌ای با گروه‌بندی فصل/دفترچه، جمع‌های sticky، فیلتر، و ویرایش inline محدود
Zrpy_brv_norm,برآورد,تعریف برآورد و آیتم‌های پایه,15,14,1,2,0,ردیف | فصل پایه | فصل | شرح فصل | تعداد زیرفصل | حاصلضرایب,mlt_rad | mlt_Prnuse | mlt_nuse | mlt_name | mlt_SubCount | mlt_sumz | mlt_oth3 | mlt_oth2 | mlt_oth1 | mlt_ovhd | mlt_tatb | mlt_hard,جدول حرفه‌ای با گروه‌بندی فصل/دفترچه، جمع‌های sticky، فیلتر، و ویرایش inline محدود
afzayesh_kahesh_acti_brv,برآورد,تعریف برآورد و آیتم‌های پایه,13,13,0,0,7,ردیف | فعالیت | کد فهرست | * | شرح مختصر | شرح کامل | مقدار اولیه | مقدار محاسبه شده | مقدار افزایش یافته | مقدار کاهش یافته | قیمت واحد پایه | مبلغ افزایش یافته,bgm_rad | bgm_coac | bgm_cofh | fbh_astr_str | fbh_abst | fbh_desc | bgm_quan | bgm_qust | bgm_qufz | bgm_qukh | fbh_pcun | bgm_pcfz,جدول حرفه‌ای با گروه‌بندی فصل/دفترچه، جمع‌های sticky، فیلتر، و ویرایش inline محدود
afzayesh_kahesh_brv,برآورد,تعریف برآورد و آیتم‌های پایه,13,13,0,0,7,ردیف | کد فهرست | * | شرح مختصر | شرح کامل | واحد | مقدار اولیه | مقدار محاسبه شده | مقدار افزایش یافته | مقدار کاهش یافته | قیمت واحد پایه | مبلغ افزایش یافته,bgm_rad | bgm_cofh | fbh_astr_str | fbh_abst | fbh_desc | fbh_unit | bgm_quan | bgm_qust | bgm_qufz | bgm_qukh | fbh_pcun | bgm_pcfz,جدول حرفه‌ای با گروه‌بندی فصل/دفترچه، جمع‌های sticky، فیلتر، و ویرایش inline محدود
afzayesh_kahesh_nozr_brv,برآورد,تعریف برآورد و آیتم‌های پایه,9,9,0,0,2,ردیف | فصل | عنوان فصل | جمع برآورد شده | جمع اجرا شده | قیمت جدید | افزایش یافته | افزایش یافته + قیمت جدید | کاهش یافته,mlt_rad | mlt_nuse | mlt_name | ses_pctl | ses_pcwo | ses_pcwo_new | ses_pcwo_afza | ses_pcwo_fznew | ses_pcwo_kahe,جدول حرفه‌ای با گروه‌بندی فصل/دفترچه، جمع‌های sticky، فیلتر، و ویرایش inline محدود
afzayesh_kahesh_zrib_brv,برآورد,تعریف برآورد و آیتم‌های پایه,9,9,0,0,2,ردیف | فصل | عنوان فصل | جمع برآوردشده | جمع اجرا شده | قیمت جدید | افزایش یافته | افزایش یافته + قیمت جدید | کاهش یافته,mlt_rad | mlt_nuse | mlt_name | ses_pctl_z | ses_pcwo_z | ses_pcwo_new_z | ses_pcwo_afza_z | ses_pcwo_fznew_z | ses_pcwo_kahe_z,جدول حرفه‌ای با گروه‌بندی فصل/دفترچه، جمع‌های sticky، فیلتر، و ویرایش inline محدود
doing_acti_brv,برآورد,تعریف برآورد و آیتم‌های پایه,13,13,0,0,6,% اجرا | مبلغ اجراشده | مقداراجراشده | ردیف | فعالیت | کد فهرست | * | شرح مختصر | شرح کامل | بهای واحد | مقدار برآوردی | مبلغ برآوردی,bgm_prcn | bgm_pcst | bgm_qust | bgm_rad | bgm_coac | bgm_cofh | fbh_astr_str | fbh_abst | fbh_desc | fbh_pcun | bgm_quan | bgm_pcal,جدول حرفه‌ای با گروه‌بندی فصل/دفترچه، جمع‌های sticky، فیلتر، و ویرایش inline محدود
doing_brv,برآورد,تعریف برآورد و آیتم‌های پایه,12,12,0,0,6,% اجرا | مبلغ اجراشده | مقداراجراشده | ردیف | کد فهرست | * | شرح مختصر | شرح کامل | بهای واحد | مقدار برآوردی | مبلغ برآوردی | شرح ملاحظات,bgm_prcn | bgm_pcst | bgm_qust | bgm_rad | bgm_cofh | fbh_astr_str | fbh_abst | fbh_desc | fbh_pcun | bgm_quan | bgm_pcal | bgm_dscf,جدول حرفه‌ای با گروه‌بندی فصل/دفترچه، جمع‌های sticky، فیلتر، و ویرایش inline محدود
doing_nozr_brv,برآورد,تعریف برآورد و آیتم‌های پایه,10,10,0,0,2,%اجرا | جمع اجرا شده | فصل | عنوان فصل | فهرست بها | ستاره دار | جمع برآوردی | %وزنی | تعداد | ؟آنالیز,ses_prwo | ses_pcwo | mlt_nuse | mlt_name | ses_pcfh | ses_pcsx | ses_pctl | ses_prbv | ses_nura | ses_nuan,جدول حرفه‌ای با گروه‌بندی فصل/دفترچه، جمع‌های sticky، فیلتر، و ویرایش inline محدود
doing_zrib_brv,برآورد,تعریف برآورد و آیتم‌های پایه,10,10,0,0,2,%اجرا | جمع اجرا شده | فصل | عنوان فصل | فهرست بها | ستاره دار | جمع برآوردی | %وزنی | تعداد | ؟آنالیز,ses_prwo_z | ses_pcwo_z | mlt_nuse | mlt_name | ses_pcfh_z | ses_pcsx_z | ses_pctl_z | ses_prbv_z | ses_nura | ses_nuan,جدول حرفه‌ای با گروه‌بندی فصل/دفترچه، جمع‌های sticky، فیلتر، و ویرایش inline محدود
list_10000_acti_brv,برآورد,تعریف برآورد و آیتم‌های پایه,12,12,0,0,4,ردیف | فعالیت | کدفهرست | * | شرح مختصر | شرح کامل | واحد | بهای واحد | مقدار برآوردی | مبلغ برآوردی | برآوردی*ضریب تعدیل کل | ملاحظات,bgm_rad | bgm_coac | bgm_cofh | fbh_astr_str | fbh_abst | fbh_desc | fbh_unit | fbh_pcun | bgm_quan | bgm_pcal | bgm_pcal10000 | bgm_dscf,جدول حرفه‌ای با گروه‌بندی فصل/دفترچه، جمع‌های sticky، فیلتر، و ویرایش inline محدود
list_10000_brv,برآورد,تعریف برآورد و آیتم‌های پایه,11,11,0,0,4,ردیف | کدفهرست | * | شرح مختصر | شرح کامل | واحد | بهای واحد | مقدار برآوردی | مبلغ برآوردی | برآوردی*ضریب تعدیل کل | ملاحظات,bgm_rad | bgm_cofh | fbh_astr_str | fbh_abst | fbh_desc | fbh_unit | fbh_pcun | bgm_quan | bgm_pcal | bgm_pcal10000 | bgm_dscf,جدول حرفه‌ای با گروه‌بندی فصل/دفترچه، جمع‌های sticky، فیلتر، و ویرایش inline محدود
list_63219_brv,برآورد,تعریف برآورد و آیتم‌های پایه,5,5,0,0,2,ردیف | فصل | عنوان فصل | مبلغ فصل | مبلغ فصل با احتساب ضرایب,mlt_rad | mlt_nuse | mlt_name | ses_pctl | ses_pctl_z,جدول حرفه‌ای با گروه‌بندی فصل/دفترچه، جمع‌های sticky، فیلتر، و ویرایش inline محدود
list_acti_brv,برآورد,تعریف برآورد و آیتم‌های پایه,12,12,0,1,2,ردیف | فعالیت | ن | کد فهرست | * | شرح مختصر | شرح کامل | واحد کار | ریال واحد | مقدار برآوردی | مبلغ برآوردی | ملاحظات,bgm_rad | bgm_coac | ity_Summ | bgm_cofh | fbh_astr_str | fbh_abst | fbh_desc | fbh_unit | fbh_pcun | bgm_quan | bgm_pcal | bgm_dscf,جدول حرفه‌ای با گروه‌بندی فصل/دفترچه، جمع‌های sticky، فیلتر، و ویرایش inline محدود
list_brv,برآورد,تعریف برآورد و آیتم‌های پایه,11,11,0,1,2,ردیف | ن | کد فهرست | * | شرح مختصر | شرح کامل | واحد کار | ریال واحد | مقدار برآوردی | مبلغ برآوردی | ملاحظات,bgm_rad | ity_Summ | bgm_cofh | fbh_astr_str | fbh_abst | fbh_desc | fbh_unit | fbh_pcun | bgm_quan | bgm_pcal | bgm_dscf,جدول حرفه‌ای با گروه‌بندی فصل/دفترچه، جمع‌های sticky، فیلتر، و ویرایش inline محدود
list_nozr_brv,برآورد,تعریف برآورد و آیتم‌های پایه,9,9,0,0,1,ردیف | فصل | عنوان فصل | فهرست بها | ستاره دار | جمع برآوردی | %وزنی | تعداد | ؟آنالیز,mlt_rad | mlt_nuse | mlt_name | ses_pcfh | ses_pcsx | ses_pctl | ses_prbv | ses_nura | ses_nuan,جدول حرفه‌ای با گروه‌بندی فصل/دفترچه، جمع‌های sticky، فیلتر، و ویرایش inline محدود
list_seas10000_brv,برآورد,تعریف برآورد و آیتم‌های پایه,12,12,0,0,8,فصل | عنوان فصل | آخرین شاخص ابلاغی   A | دوره مبنای فهرست   B | دوره متناظر ابلاغی   C | درصد رشد هردوره D= 100*(A/C-1)/4 | ضریب رشد کل E1= N*D/100+1 | ضریب تعدیل کل E= E1*A/B-1 | مبلغ ریالی بدون احتساب ضرایب F | مبلغ ریالی با احتساب ضرایب F*ضرایب=P | مبلغ تعدیل EQ=E*P | مبلغ ریالی کل C=EQ+P,mlt_nuse | mlt_name | shk_eblaghi | shk_pd_m | shk_motanazer | ses_prcn_dore_10000 | ses_zrib_kol_10000 | ses_zrib_tdil_10000 | ses_pctl | ses_pctl_z | ses_pctd_10000 | ses_pctl_10000,جدول حرفه‌ای با گروه‌بندی فصل/دفترچه، جمع‌های sticky، فیلتر، و ویرایش inline محدود
list_shahr_acti_brv,برآورد,تعریف برآورد و آیتم‌های پایه,16,14,2,0,4,"ردیف | فعالیت | کد فهرست | * | شرح مختصر | شرح کامل | واحد کار | ریال واحد | مقدار برآوردی
      a | ریال واحد مصالح
      m | ریال واحد دستمزد
      w | قیمت مصالح
      a*m",bgm_rad | bgm_coac | bgm_cofh | fbh_astr_str | fbh_abst | fbh_desc | fbh_unit | fbh_pcun | bgm_quan | fbh_pcun_masaleh | fbh_pcun_dastmozd | bgm_pcal_masaleh,جدول حرفه‌ای با گروه‌بندی فصل/دفترچه، جمع‌های sticky، فیلتر، و ویرایش inline محدود
list_shahr_brv,برآورد,تعریف برآورد و آیتم‌های پایه,15,13,2,0,4,"ردیف | کد فهرست | * | شرح مختصر | شرح کامل | واحد کار | ریال واحد | مقدار برآوردی
      a | ریال واحد مصالح
      m | ریال واحد دستمزد
      w | قیمت مصالح
      a*m | قیمت دستمزد
      a*w",bgm_rad | bgm_cofh | fbh_astr_str | fbh_abst | fbh_desc | fbh_unit | fbh_pcun | bgm_quan | fbh_pcun_masaleh | fbh_pcun_dastmozd | bgm_pcal_masaleh | bgm_pcal_dastmozd,جدول حرفه‌ای با گروه‌بندی فصل/دفترچه، جمع‌های sticky، فیلتر، و ویرایش inline محدود
list_srjm_acti_brv,برآورد,تعریف برآورد و آیتم‌های پایه,12,12,0,0,4,ردیف | فعالیت | کدفهرست | * | شرح مختصر | شرح کامل | واحد | بهای واحد | مقدار برآوردی | مبلغ برآوردی | برآوردی*ضریب تعدیل کل | ملاحظات,bgm_rad | bgm_coac | bgm_cofh | fbh_astr_str | fbh_abst | fbh_desc | fbh_unit | fbh_pcun | bgm_quan | bgm_pcal | bgm_pcalsrjm | bgm_dscf,جدول حرفه‌ای با گروه‌بندی فصل/دفترچه، جمع‌های sticky، فیلتر، و ویرایش inline محدود
list_tdil_acti_brv,برآورد,تعریف برآورد و آیتم‌های پایه,12,12,0,0,3,ردیف | فعالیت | کدفهرست | * | شرح مختصر | شرح کامل | واحد | بهای واحد | مقدار برآوردی | مبلغ برآوردی | برآوردی+تعدیل | ملاحظات,bgm_rad | bgm_coac | bgm_cofh | fbh_astr_str | fbh_abst | fbh_desc | fbh_unit | fbh_pcun | bgm_quan | bgm_pcal | bgm_pcal_tdil_exp | bgm_dscf,جدول حرفه‌ای با گروه‌بندی فصل/دفترچه، جمع‌های sticky، فیلتر، و ویرایش inline محدود
list_tdil_brv,برآورد,تعریف برآورد و آیتم‌های پایه,11,11,0,0,3,ردیف | کدفهرست | * | شرح مختصر | شرح کامل | واحد | بهای واحد | مقدار برآوردی | مبلغ برآوردی | برآوردی+تعدیل | ملاحظات,bgm_rad | bgm_cofh | fbh_astr_str | fbh_abst | fbh_desc | fbh_unit | fbh_pcun | bgm_quan | bgm_pcal | bgm_pcal_tdil_exp | bgm_dscf,جدول حرفه‌ای با گروه‌بندی فصل/دفترچه، جمع‌های sticky، فیلتر، و ویرایش inline محدود
list_tdil_nozr_brv,برآورد,تعریف برآورد و آیتم‌های پایه,9,9,0,2,3,ردیف | فصل | عنوان فصل | فهرست بها + تعدیل | ستاره دار + تعدیل | جمع برآوردی + تعدیل | %وزنی | شاخص مبنا | شاخص جاری,mlt_rad | mlt_nuse_nusu | mlt_name | ses_pcfh_tdil | ses_pcsx_tdil | ses_pctl_tdil | ses_prbv_tdil | shk_pd_m | shk_pd_j,جدول حرفه‌ای با گروه‌بندی فصل/دفترچه، جمع‌های sticky، فیلتر، و ویرایش inline محدود
list_tdil_zrib_brv,برآورد,تعریف برآورد و آیتم‌های پایه,9,9,0,2,3,ردیف | فصل | عنوان فصل | فهرست بها + تعدیل | ستاره دار + تعدیل | جمع برآوردی + تعدیل | %وزنی | شاخص مبنا | شاخص جاری,mlt_rad | mlt_nuse_nusu | mlt_name | ses_pcfh_tdil_z | ses_pcsx_tdil_z | ses_pctl_tdil_z | ses_prbv_tdil_z | shk_pd_m | shk_pd_j,جدول حرفه‌ای با گروه‌بندی فصل/دفترچه، جمع‌های sticky، فیلتر، و ویرایش inline محدود
list_zrib_brv,برآورد,تعریف برآورد و آیتم‌های پایه,9,9,0,0,1,ردیف | فصل | عنوان فصل | فهرست بها | ستاره دار | جمع برآوردی | %وزنی | تعداد | ؟آنالیز,mlt_rad | mlt_nuse | mlt_name | ses_pcfh_z | ses_pcsx_z | ses_pctl_z | ses_prbv_z | ses_nura | ses_nuan,جدول حرفه‌ای با گروه‌بندی فصل/دفترچه، جمع‌های sticky، فیلتر، و ویرایش inline محدود
note_afzayesh_kahesh_nozr_brv,برآورد,تعریف برآورد و آیتم‌های پایه,8,8,0,0,3,ردیف | عنوان دفترچه | مبلغ برآوردی | اجرا شده | قیمت جدید | افزایش یافته | افزایش یافته + قیمت جدید | کاهش یافته,fhp_rad | fhp_abst | fhp_mb_totl | fhp_mb_work | fhp_fzkh_new | fhp_fzkh | fhp_fzkh_fznew | fhp_fzkh_kh,جدول حرفه‌ای با گروه‌بندی فصل/دفترچه، جمع‌های sticky، فیلتر، و ویرایش inline محدود
note_afzayesh_kahesh_zrib_brv,برآورد,تعریف برآورد و آیتم‌های پایه,11,11,0,0,6,ردیف | عنوان دفترچه | مبلغ برآوردی | اجرا شده | قیمت جدید | % جدید | افزایش یافته | افزایش یافته + قیمت جدید | % افزایش | کاهش یافته | % کاهش,fhp_rad | fhp_abst | fhp_mb_totl_z | fhp_mb_work_z | fhp_fzkh_new_z | fhp_fzkh_new_z_percent | fhp_fzkh_z | fhp_fzkh_fznew_z | fhp_fzkh_fznew_z_percent | fhp_fzkh_kh_z | fhp_fzkh_kh_z_percent,جدول حرفه‌ای با گروه‌بندی فصل/دفترچه، جمع‌های sticky، فیلتر، و ویرایش inline محدود
note_doing_nozr_brv,برآورد,تعریف برآورد و آیتم‌های پایه,10,10,0,0,2,%اجرا | جمع اجرا شده | تجهیزاجراباضرایب | ردیف | عنوان دفترچه | فهرست بها | ستاره دار | تجهیزباضرایب | جمع برآوردی | % وزنی,fhp_pr_work | fhp_mb_work | fhp_mbtj_work | fhp_rad | fhp_abst | fhp_mbfh | fhp_mbsx | fhp_mbtj | fhp_mb_totl | fhp_prbv,جدول حرفه‌ای با گروه‌بندی فصل/دفترچه، جمع‌های sticky، فیلتر، و ویرایش inline محدود
note_list_argham_s_tdil_brv,برآورد,تعریف برآورد و آیتم‌های پایه,14,14,0,0,0,دفترچه | جمع خالص | منطقه ای | ارتفاع | طبقات | صعوبت | تطبیق | بالا سری | سایر1 | سایر2 | سایر3 | تجهیز,fhp_abst | fhp_mb_fhsx_tdil | fhp_loca | fhp_heit | fhp_taba | fhp_hard | fhp_tatb | fhp_ovhd | fhp_oth1 | fhp_oth2 | fhp_oth3 | fhp_mbtj_tdil,جدول حرفه‌ای با گروه‌بندی فصل/دفترچه، جمع‌های sticky، فیلتر، و ویرایش inline محدود
note_list_argham_tdil_brv,برآورد,تعریف برآورد و آیتم‌های پایه,11,11,0,0,0,دفترچه | جمع خالص | منطقه ای | ارتفاع | طبقات | صعوبت | تطبیق | بالا سری | تجهیز | اقلام فاکتوری | جمع کل,fhp_abst | fhp_mb_fhsx_tdil | fhp_loca | fhp_heit | fhp_taba | fhp_hard | fhp_tatb | fhp_ovhd | fhp_mbtj_tdil | fhp_mb_yargh_zr | fhp_mb_totl_tdil_z,جدول حرفه‌ای با گروه‌بندی فصل/دفترچه، جمع‌های sticky، فیلتر، و ویرایش inline محدود
note_list_nozr_tsil_brv,برآورد,تعریف برآورد و آیتم‌های پایه,7,7,0,0,0,ردیف | عنوان دفترچه | فهرست بها | ستاره دار | جمع برآوردی | تجهیزباضرایب | جمع کل,fhp_rad | fhp_abst | fhp_mbfh | fhp_mbsx | fhp_mb_fhsx | fhp_mbtj | fhp_mb_totl_tjts,جدول حرفه‌ای با گروه‌بندی فصل/دفترچه، جمع‌های sticky، فیلتر، و ویرایش inline محدود
note_list_zrib_tsil_brv,برآورد,تعریف برآورد و آیتم‌های پایه,7,7,0,0,1,ردیف | عنوان دفترچه | فهرست بها | ستاره دار | جمع برآوردی | مبلغ تجهیز | جمع کل,fhp_rad | fhp_abst | fhp_mbfh_z | fhp_mbsx_z | fhp_mb_fhsx_z | fhp_mbtj | fhp_mb_totl_tjts_z,جدول حرفه‌ای با گروه‌بندی فصل/دفترچه، جمع‌های sticky، فیلتر، و ویرایش inline محدود
nozooli_acti_brv,برآورد,تعریف برآورد و آیتم‌های پایه,9,9,0,0,3,فهرست بهای رشته | عنوان فصل | فعالیت | 80 | شماره | * | شرح ردیف | + | بهای کل ردیف,fhp_abst | mlt_name_and_nuse | bgm_coac | bgm_swf2 | bgm_cofh | fbh_astr_str | fbh_desc | bgm_pcaf_dscr | bgm_pcaf,جدول حرفه‌ای با گروه‌بندی فصل/دفترچه، جمع‌های sticky، فیلتر، و ویرایش inline محدود
nozooli_brv,برآورد,تعریف برآورد و آیتم‌های پایه,8,8,0,0,3,فهرست بهای رشته | عنوان فصل | 80 | شماره | * | شرح ردیف | + | بهای کل ردیف,fhp_abst | mlt_name_and_nuse | bgm_swf2 | bgm_cofh | fbh_astr_str | fbh_desc | bgm_pcaf_dscr | bgm_pcaf,جدول حرفه‌ای با گروه‌بندی فصل/دفترچه، جمع‌های sticky، فیلتر، و ویرایش inline محدود
percent65_acti_brv,برآورد,تعریف برآورد و آیتم‌های پایه,10,10,0,0,5,عنوان فصل | فعالیت | شماره | * | شرح ردیف | واحد | بهای واحد | مقدار | بهای کل ردیف | %ازکل,mlt_name_and_nuse | bgm_coac | bgm_cofh | fbh_astr_str | fbh_desc | fbh_unit | bgm_pcuf | bgm_quan | bgm_pcaf | bgm_przf,جدول حرفه‌ای با گروه‌بندی فصل/دفترچه، جمع‌های sticky، فیلتر، و ویرایش inline محدود
percent65_brv,برآورد,تعریف برآورد و آیتم‌های پایه,9,9,0,0,5,عنوان فصل | شماره | * | شرح ردیف | واحد | بهای واحد | مقدار | بهای کل ردیف | %ازکل,mlt_name_and_nuse | bgm_cofh | fbh_astr_str | fbh_desc | fbh_unit | bgm_pcuf | bgm_quan | bgm_pcaf | bgm_przf,جدول حرفه‌ای با گروه‌بندی فصل/دفترچه، جمع‌های sticky، فیلتر، و ویرایش inline محدود
v4951_brv,برآورد,تعریف برآورد و آیتم‌های پایه,9,9,0,0,1,ردیف | فصل | عنوان فصل | برآورد فصل (پایه) | برآورد فصل (غیر پایه) | جمع برآوردی فصل | %وزنی | تعداد | ؟آنالیز,mlt_rad | mlt_nuse | mlt_name | ses_49fh | ses_49as | ses_49tl | ses_pr49 | ses_nura | ses_nuan,جدول حرفه‌ای با گروه‌بندی فصل/دفترچه، جمع‌های sticky، فیلتر، و ویرایش inline محدود
Zrtd_kolli,تعدیل / شاخص,انتخاب دوره، شاخص، محاسبه ضریب و مبلغ تعدیل,6,6,0,0,3,کلی | سه ماهه | سال | شاخص مبنا | شاخص دوره | ضریب تعدیل,shk_nufh | intp_prod_karkerd | intp_year_karkerd | shk_mabna | shk_jari | shk_ZT,Wizard انتخاب دوره و شاخص + جدول محاسبه با نمایش فرمول و کنترل خطا
difeplus,تعدیل / شاخص,انتخاب دوره، شاخص، محاسبه ضریب و مبلغ تعدیل,13,13,0,0,3,ردیف | صورت مجلس | شماره فاکتور | تاریخ فاکتور | شرح | مقدار | پرت | جاری ( پیوست ها یا فاکتور Min ) | مبنا ( پیوست ها یا آنالیز Max ) | تعدیل سالیانه | زمان به سال | تفاوت بها,fsp_rad | fsp_atsj | fsp_numb | fsp_date | fsp_dscr | fsp_quan | fsp_zrpt | fsp_prja_mtmb | fsp_prmb_mtmb | fsp_tdyr_mtmb | fsp_tiyr_mtmb | fsp_prmf_mtmb,Wizard انتخاب دوره و شاخص + جدول محاسبه با نمایش فرمول و کنترل خطا
seas_shkh,تعدیل / شاخص,انتخاب دوره، شاخص، محاسبه ضریب و مبلغ تعدیل,7,7,0,1,4,ردیف | فصل | عنوان فصل | شاخص مبنا | شاخص جاری | ضریب تعدیل | ضریب رشد,mlt_rad | mlt_nuse_nusu | mlt_name | shk_pd_m_astr | shk_pd_j_astr | ses_Zrib_Tdil_Astr | ses_Zrib_Rshd_Astr,Wizard انتخاب دوره و شاخص + جدول محاسبه با نمایش فرمول و کنترل خطا
dife,صورتجلسه / خدمات,ثبت صورتجلسه/خدمات و اتصال به کارکرد,12,12,0,0,3,ردیف | صورت مجلس | شماره فاکتور | تاریخ فاکتور | شرح | مقدار | پرت | خرید آزاد | پیوست 2 | نرخ مبنا | تفاوت بها | جمع بریال,fsp_rad | fsp_atsj | fsp_numb | fsp_date | fsp_dscr | fsp_quan | fsp_zrpt | fsp_prja | fsp_prfc | fsp_prmb | fsp_prmf | fsp_totl,زیرصفحه پیشرفته/تنظیمات یا جدول تخصصی با دسترسی محدود
Note_list_nozr_svz,صورت‌وضعیت / کارکرد,ثبت کارکرد، مقادیر دوره، قبلی و تجمعی,9,9,0,0,2,ردیف | عنوان دفترچه | فهرست بها | ستاره دار | فاکتوری | مصالح پایکار | تجهیزباضرایب | مبلغ دفترچه | % وزنی,fhp_rad | fhp_abst | fhp_mbfh_work | fhp_mbsx_work | fhp_mbfc_work | fhp_mbmp_work | fhp_mbtj_work | fhp_mb_work | fhp_pr_work,جدول حرفه‌ای با گروه‌بندی فصل/دفترچه، جمع‌های sticky، فیلتر، و ویرایش inline محدود
Note_list_zrib_svz,صورت‌وضعیت / کارکرد,ثبت کارکرد، مقادیر دوره، قبلی و تجمعی,9,9,0,0,3,ردیف | عنوان دفترچه | فهرست بها | ستاره دار | فاکتوری | مصالح پایکار | مبلغ تجهیز | مبلغ دفترچه | % وزنی,fhp_rad | fhp_abst | fhp_mbfh_work_z | fhp_mbsx_work_z | fhp_mbfc_work_z | fhp_mbmp_work_z | fhp_mbtj_work | fhp_mb_work_z | fhp_pr_work_z,جدول حرفه‌ای با گروه‌بندی فصل/دفترچه، جمع‌های sticky، فیلتر، و ویرایش inline محدود
Note_tdil_nozr_svz,صورت‌وضعیت / کارکرد,ثبت کارکرد، مقادیر دوره، قبلی و تجمعی,9,9,0,0,2,ردیف | عنوان دفترچه | فهرست بها | ستاره دار | فاکتوری | مصالح پایکار | تجهیزباضرایب | مبلغ دفترچه | % وزنی,fhp_rad | fhp_abst | fhp_mbfh_work_tatb | fhp_mbsx_work_tatb | fhp_mbfc_work_tatb | fhp_mbmp_work_tatb | fhp_mbtj_work_tatb | fhp_mb_work_tatb | fhp_pr_work,جدول حرفه‌ای با گروه‌بندی فصل/دفترچه، جمع‌های sticky، فیلتر، و ویرایش inline محدود
Note_tdil_zrib_svz,صورت‌وضعیت / کارکرد,ثبت کارکرد، مقادیر دوره، قبلی و تجمعی,9,9,0,0,3,ردیف | عنوان دفترچه | فهرست بها | ستاره دار | فاکتوری | مصالح پایکار | مبلغ تجهیز | مبلغ دفترچه | % وزنی,fhp_rad | fhp_abst | fhp_mbfh_work_tatb_z | fhp_mbsx_work_tatb_z | fhp_mbfc_work_tatb_z | fhp_mbmp_work_tatb_z | fhp_mbtj_work_tatb | fhp_mb_work_tatb_z | fhp_pr_work_z,جدول حرفه‌ای با گروه‌بندی فصل/دفترچه، جمع‌های sticky، فیلتر، و ویرایش inline محدود
Zrtd_Koli,صورت‌وضعیت / کارکرد,ثبت کارکرد، مقادیر دوره، قبلی و تجمعی,1,1,0,0,0,ماه کارکرد,int_prod_Month,جدول حرفه‌ای با گروه‌بندی فصل/دفترچه، جمع‌های sticky، فیلتر، و ویرایش inline محدود
Zrtd_fasli,صورت‌وضعیت / کارکرد,ثبت کارکرد، مقادیر دوره، قبلی و تجمعی,8,8,0,0,3,فصل | عنوان فصل | سه ماهه | ماه کارکرد | سال | شاخص مبنا | شاخص دوره | ضریب تعدیل,shk_nuse | shk_name_nuse | intp_prod_karkerd | int_prod_Month | intp_year_karkerd | shk_mabna | shk_jari | shk_ZT,جدول حرفه‌ای با گروه‌بندی فصل/دفترچه، جمع‌های sticky، فیلتر، و ویرایش inline محدود
Zrtd_reshte,صورت‌وضعیت / کارکرد,ثبت کارکرد، مقادیر دوره، قبلی و تجمعی,8,8,0,0,3,ردیف | نام دفترچه | سه ماهه | ماه کارکرد | سال | شاخص مبنا | شاخص دوره | ضریب تعدیل,shk_bok_rad | shk_name_nufh | intp_prod_karkerd | int_prod_Month | intp_year_karkerd | shk_mabna | shk_jari | shk_ZT,جدول حرفه‌ای با گروه‌بندی فصل/دفترچه، جمع‌های sticky، فیلتر، و ویرایش inline محدود
afzayesh_kahesh_acti_svz,صورت‌وضعیت / کارکرد,ثبت کارکرد، مقادیر دوره، قبلی و تجمعی,14,14,0,0,7,ردیف | فعالیت | کد فهرست | * | شرح مختصر | شرح کامل | واحد | مقدار اولیه | مقدار محاسبه شده | مقدار افزایش یافته | مقدار کاهش یافته | قیمت واحد پایه,bgm_rad | bgm_coac | bgm_cofh | fbh_astr_str | fbh_abst | fbh_desc | fbh_unit | bgm_quan | bgm_qust | bgm_qufz | bgm_qukh | fbh_pcun,جدول حرفه‌ای با گروه‌بندی فصل/دفترچه، جمع‌های sticky، فیلتر، و ویرایش inline محدود
afzayesh_kahesh_nozr_svz,صورت‌وضعیت / کارکرد,ثبت کارکرد، مقادیر دوره، قبلی و تجمعی,9,9,0,0,2,ردیف | فصل | عنوان فصل | جمع برآورد شده | جمع اجرا شده | قیمت جدید | افزایش یافته | افزایش یافته + قیمت جدید | کاهش یافته,mlt_rad | mlt_nuse | mlt_name | ses_pctl | ses_pcwo | ses_pcwo_new | ses_pcwo_afza | ses_pcwo_fznew | ses_pcwo_kahe,جدول حرفه‌ای با گروه‌بندی فصل/دفترچه، جمع‌های sticky، فیلتر، و ویرایش inline محدود
afzayesh_kahesh_svz,صورت‌وضعیت / کارکرد,ثبت کارکرد، مقادیر دوره، قبلی و تجمعی,13,13,0,0,7,ردیف | کد فهرست | * | شرح مختصر | شرح کامل | واحد | مقدار اولیه | مقدار محاسبه شده | مقدار افزایش یافته | مقدار کاهش یافته | قیمت واحد پایه | مبلغ افزایش یافته,bgm_rad | bgm_cofh | fbh_astr_str | fbh_abst | fbh_desc | fbh_unit | bgm_quan | bgm_qust | bgm_qufz | bgm_qukh | fbh_pcun | bgm_pcfz,جدول حرفه‌ای با گروه‌بندی فصل/دفترچه، جمع‌های sticky، فیلتر، و ویرایش inline محدود
afzayesh_kahesh_zrib_svz,صورت‌وضعیت / کارکرد,ثبت کارکرد، مقادیر دوره، قبلی و تجمعی,9,9,0,0,2,ردیف | فصل | عنوان فصل | جمع برآوردشده | جمع اجرا شده | قیمت جدید | افزایش یافته | افزایش یافته + قیمت جدید | کاهش یافته,mlt_rad | mlt_nuse | mlt_name | ses_pctl_z | ses_pcwo_z | ses_pcwo_new_z | ses_pcwo_afza_z | ses_pcwo_fznew_z | ses_pcwo_kahe_z,جدول حرفه‌ای با گروه‌بندی فصل/دفترچه، جمع‌های sticky، فیلتر، و ویرایش inline محدود
list_acti_svz,صورت‌وضعیت / کارکرد,ثبت کارکرد، مقادیر دوره، قبلی و تجمعی,12,12,0,1,1,ردیف | فعالیت | ن | کد فهرست | * | شرح مختصر | شرح کامل | واحد کار | ریال واحد | مقدار | جمع بریال | ملاحظات,bgm_rad | bgm_coac | ity_Summ | bgm_cofh | fbh_astr_str | fbh_abst | fbh_desc | fbh_unit | fbh_pcun | bgm_qust | bgm_pcst | bgm_dscf,جدول حرفه‌ای با گروه‌بندی فصل/دفترچه، جمع‌های sticky، فیلتر، و ویرایش inline محدود
list_and_br_acti_svz,صورت‌وضعیت / کارکرد,ثبت کارکرد، مقادیر دوره، قبلی و تجمعی,13,13,0,0,5,%انجام | مبلغ برآوردی | مقداربرآوردی | ردیف | فعالیت | کد فهرست | * | شرح مختصر | شرح کامل | بهای واحد | مقدار | جمع بریال,bgm_prcn | bgm_pcal | bgm_quan | bgm_rad | bgm_coac | bgm_cofh | fbh_astr_str | fbh_abst | fbh_desc | fbh_pcun | bgm_qust | bgm_pcst,جدول حرفه‌ای با گروه‌بندی فصل/دفترچه، جمع‌های sticky، فیلتر، و ویرایش inline محدود
list_and_br_nozr_svz,صورت‌وضعیت / کارکرد,ثبت کارکرد، مقادیر دوره، قبلی و تجمعی,9,9,0,0,1,%انجام | جمع برآوردی | فصل | عنوان فصل | فهرست بها | ستاره دار | فاکتوری | مصالح پایکار | جمع فصل,ses_prwo | ses_pctl | mlt_nuse | mlt_name | ses_pcfh_work | ses_pcsx_work | ses_pcfc_work | ses_pcmp_work | ses_pcwo,جدول حرفه‌ای با گروه‌بندی فصل/دفترچه، جمع‌های sticky، فیلتر، و ویرایش inline محدود
list_and_br_ol_nozr_svz,صورت‌وضعیت / کارکرد,ثبت کارکرد، مقادیر دوره، قبلی و تجمعی,7,7,0,0,3,فصل | عنوان فصل | مبلغ برآوردی | جمع قبلی فصل | مابه التفاوت | مبلغ تجمعی فصل | %وزنی,mlt_nuse | mlt_name | ses_pctl | ses_pcwo_ol | ses_pcwo_df | ses_pcwo | ses_prcn_wo,جدول حرفه‌ای با گروه‌بندی فصل/دفترچه، جمع‌های sticky، فیلتر، و ویرایش inline محدود
list_and_br_ol_zrib_svz,صورت‌وضعیت / کارکرد,ثبت کارکرد، مقادیر دوره، قبلی و تجمعی,7,7,0,0,3,فصل | عنوان فصل | مبلغ برآوردی | جمع قبلی فصل | مابه التفاوت | مبلغ تجمعی فصل | %وزنی,mlt_nuse | mlt_name | ses_pctl_z | ses_pcwo_ol_z | ses_pcwo_df_z | ses_pcwo_z | ses_prcn_wo_z,جدول حرفه‌ای با گروه‌بندی فصل/دفترچه، جمع‌های sticky، فیلتر، و ویرایش inline محدود
list_and_br_svz,صورت‌وضعیت / کارکرد,ثبت کارکرد، مقادیر دوره، قبلی و تجمعی,12,12,0,0,5,%انجام | مبلغ برآوردی | مقداربرآوردی | ردیف | کد فهرست | * | شرح مختصر | شرح کامل | بهای واحد | مقدار | جمع بریال | شرح ملاحظات,bgm_prcn | bgm_pcal | bgm_quan | bgm_rad | bgm_cofh | fbh_astr_str | fbh_abst | fbh_desc | fbh_pcun | bgm_qust | bgm_pcst | bgm_dscf,جدول حرفه‌ای با گروه‌بندی فصل/دفترچه، جمع‌های sticky، فیلتر، و ویرایش inline محدود
list_and_br_zrib_svz,صورت‌وضعیت / کارکرد,ثبت کارکرد، مقادیر دوره، قبلی و تجمعی,9,9,0,0,1,%انجام | جمع برآوردی | فصل | عنوان فصل | فهرست بها | ستاره دار | فاکتوری | مصالح پایکار | جمع فصل,ses_prwo_z | ses_pctl_z | mlt_nuse | mlt_name | ses_pcfh_work_z | ses_pcsx_work_z | ses_pcfc_work_z | ses_pcmp_work_z | ses_pcwo_z,جدول حرفه‌ای با گروه‌بندی فصل/دفترچه، جمع‌های sticky، فیلتر، و ویرایش inline محدود
list_and_olbr_acti_svz,صورت‌وضعیت / کارکرد,ثبت کارکرد، مقادیر دوره، قبلی و تجمعی,14,14,0,0,6,ردیف | فعالیت | کد فهرست | * | شرح مختصر | شرح کامل | بهای واحد | مقداربرآوردی | مبلغ برآوردی | مقدارقبلی | مابه التفاوت | مقدارتجمعی,bgm_rad | bgm_coac | bgm_cofh | fbh_astr_str | fbh_abst | fbh_desc | fbh_pcun | bgm_quan | bgm_pcal | bgm_qust_ol | bgm_qust_df | bgm_qust,جدول حرفه‌ای با گروه‌بندی فصل/دفترچه، جمع‌های sticky، فیلتر، و ویرایش inline محدود
list_and_olbr_svz,صورت‌وضعیت / کارکرد,ثبت کارکرد، مقادیر دوره، قبلی و تجمعی,14,14,0,0,6,ردیف | کد فهرست | * | واحد کار | شرح مختصر | شرح کامل | بهای واحد | مقداربرآوردی | مبلغ برآوردی | مقدارقبلی | مابه التفاوت | مقدارتجمعی,bgm_rad | bgm_cofh | fbh_astr_str | fbh_unit | fbh_abst | fbh_desc | fbh_pcun | bgm_quan | bgm_pcal | bgm_qust_ol | bgm_qust_df | bgm_qust,جدول حرفه‌ای با گروه‌بندی فصل/دفترچه، جمع‌های sticky، فیلتر، و ویرایش inline محدود
list_and_ps_acti_svz,صورت‌وضعیت / کارکرد,ثبت کارکرد، مقادیر دوره، قبلی و تجمعی,14,14,0,0,4,% پیشنهادی | مبلغ پیشنهادی | بها واحد پیشنهادی | ردیف | فعالیت | کد فهرست | * | واحد | شرح مختصر | شرح کامل | بهای واحد | مقدار,fbh_prpn | bgm_pcst_psn | fbh_pcun_psn | bgm_rad | bgm_coac | bgm_cofh | fbh_astr_str | fbh_unit | fbh_abst | fbh_desc | fbh_pcun | bgm_qust,جدول حرفه‌ای با گروه‌بندی فصل/دفترچه، جمع‌های sticky، فیلتر، و ویرایش inline محدود
list_and_ps_nozr_svz,صورت‌وضعیت / کارکرد,ثبت کارکرد، مقادیر دوره، قبلی و تجمعی,9,9,0,0,1,% پیشنهاد | جمع پیشنهادی | فصل | عنوان فصل | فهرست بها | ستاره دار | فاکتوری | مصالح پایکار | جمع فصل,ses_pr_roshd | ses_pctl_psn | mlt_nuse | mlt_name | ses_pcfh_work | ses_pcsx_work | ses_pcfc_work | ses_pcmp_work | ses_pcwo,جدول حرفه‌ای با گروه‌بندی فصل/دفترچه، جمع‌های sticky، فیلتر، و ویرایش inline محدود
list_and_ps_svz,صورت‌وضعیت / کارکرد,ثبت کارکرد، مقادیر دوره، قبلی و تجمعی,13,13,0,0,4,% پیشنهاد | مبلغ پیشنهادی | بها واحد پیشنهادی | ردیف | کد فهرست | * | واحد | شرح مختصر | شرح کامل | بهای واحد | مقدار | جمع بریال,fbh_prpn | bgm_pcst_psn | fbh_pcun_psn | bgm_rad | bgm_cofh | fbh_astr_str | fbh_unit | fbh_abst | fbh_desc | fbh_pcun | bgm_qust | bgm_pcst,جدول حرفه‌ای با گروه‌بندی فصل/دفترچه، جمع‌های sticky، فیلتر، و ویرایش inline محدود
list_and_ps_zrib_svz,صورت‌وضعیت / کارکرد,ثبت کارکرد، مقادیر دوره، قبلی و تجمعی,9,9,0,0,1,% پیشنهاد | جمع پیشنهادی | فصل | عنوان فصل | فهرست بها | ستاره دار | فاکتوری | مصالح پایکار | جمع فصل,ses_pr_roshd_z | ses_pctl_psn_z | mlt_nuse | mlt_name | ses_pcfh_work_z | ses_pcsx_work_z | ses_pcfc_work_z | ses_pcmp_work_z | ses_pcwo_z,جدول حرفه‌ای با گروه‌بندی فصل/دفترچه، جمع‌های sticky، فیلتر، و ویرایش inline محدود
list_nozr_svz,صورت‌وضعیت / کارکرد,ثبت کارکرد، مقادیر دوره، قبلی و تجمعی,9,9,0,0,1,ردیف | فصل | عنوان فصل | فهرست بها | ستاره دار | فاکتوری | مصالح پایکار | جمع فصل | %وزنی,mlt_rad | mlt_nuse | mlt_name | ses_pcfh_work | ses_pcsx_work | ses_pcfc_work | ses_pcmp_work | ses_pcwo | ses_prcn_wo,جدول حرفه‌ای با گروه‌بندی فصل/دفترچه، جمع‌های sticky، فیلتر، و ویرایش inline محدود
list_shahr_acti_svz,صورت‌وضعیت / کارکرد,ثبت کارکرد، مقادیر دوره، قبلی و تجمعی,16,14,2,0,3,"ردیف | فعالیت | کد فهرست | * | شرح مختصر | شرح کامل | واحد کار | ریال واحد | مقدار
      a | ریال واحد مصالح
      m | ریال واحد دستمزد
      w | قیمت مصالح
      a*m",bgm_rad | bgm_coac | bgm_cofh | fbh_astr_str | fbh_abst | fbh_desc | fbh_unit | fbh_pcun | bgm_qust | fbh_pcun_masaleh | fbh_pcun_dastmozd | bgm_pcst_masaleh,جدول حرفه‌ای با گروه‌بندی فصل/دفترچه، جمع‌های sticky، فیلتر، و ویرایش inline محدود
list_shahr_svz,صورت‌وضعیت / کارکرد,ثبت کارکرد، مقادیر دوره، قبلی و تجمعی,15,13,2,0,3,"ردیف | کد فهرست | * | شرح مختصر | شرح کامل | واحد کار | ریال واحد | مقدار
      a | ریال واحد مصالح
      m | ریال واحد دستمزد
      w | قیمت مصالح
      a*m | قیمت دستمزد
      a*w",bgm_rad | bgm_cofh | fbh_astr_str | fbh_abst | fbh_desc | fbh_unit | fbh_pcun | bgm_qust | fbh_pcun_masaleh | fbh_pcun_dastmozd | bgm_pcst_masaleh | bgm_pcst_dastmozd,جدول حرفه‌ای با گروه‌بندی فصل/دفترچه، جمع‌های sticky، فیلتر، و ویرایش inline محدود
list_svz,صورت‌وضعیت / کارکرد,ثبت کارکرد، مقادیر دوره، قبلی و تجمعی,11,11,0,1,1,ردیف | ن | کد فهرست | * | شرح مختصر | شرح کامل | واحد کار | ریال واحد | مقدار | جمع بریال | ملاحظات,bgm_rad | ity_Summ | bgm_cofh | fbh_astr_str | fbh_abst | fbh_desc | fbh_unit | fbh_pcun | bgm_qust | bgm_pcst | bgm_dscf,جدول حرفه‌ای با گروه‌بندی فصل/دفترچه، جمع‌های sticky، فیلتر، و ویرایش inline محدود
list_tdil_nozr_svz,صورت‌وضعیت / کارکرد,ثبت کارکرد، مقادیر دوره، قبلی و تجمعی,10,10,0,2,1,ردیف | فصل | عنوان فصل | فهرست بها | ستاره دار | فاکتوری | مصالح پایکار | جمع فصل | %وزنی | جمع آیتم های استثنا حمل,mlt_rad | mlt_nuse_nusu | mlt_name | ses_pcfh_work_tatb | ses_pcsx_work_tatb | ses_pcfc_work_tatb | ses_pcmp_work_tatb | ses_pctl_work_tatb | ses_prcn_wo | ses_pcwo_HamlItm,جدول حرفه‌ای با گروه‌بندی فصل/دفترچه، جمع‌های sticky، فیلتر، و ویرایش inline محدود
list_tdil_zrib_svz,صورت‌وضعیت / کارکرد,ثبت کارکرد، مقادیر دوره، قبلی و تجمعی,10,10,0,2,1,ردیف | فصل | عنوان فصل | فهرست بها | ستاره دار | فاکتوری | مصالح پایکار | جمع فصل | %وزنی | جمع آیتم‌های استثنا حمل,mlt_rad | mlt_nuse_nusu | mlt_name | ses_pcfh_work_tatb_z | ses_pcsx_work_tatb_z | ses_pcfc_work_tatb_z | ses_pcmp_work_tatb_z | ses_pctl_work_tatb_z | ses_prcn_wo_z | ses_pcwo_z_HamlItm,جدول حرفه‌ای با گروه‌بندی فصل/دفترچه، جمع‌های sticky، فیلتر، و ویرایش inline محدود
list_zrib_svz,صورت‌وضعیت / کارکرد,ثبت کارکرد، مقادیر دوره، قبلی و تجمعی,9,9,0,0,1,ردیف | فصل | عنوان فصل | فهرست بها | ستاره دار | فاکتوری | مصالح پایکار | جمع فصل | %وزنی,mlt_rad | mlt_nuse | mlt_name | ses_pcfh_work_z | ses_pcsx_work_z | ses_pcfc_work_z | ses_pcmp_work_z | ses_pcwo_z | ses_prcn_wo_z,جدول حرفه‌ای با گروه‌بندی فصل/دفترچه، جمع‌های sticky، فیلتر، و ویرایش inline محدود
note_afzayesh_kahesh_nozr_svz,صورت‌وضعیت / کارکرد,ثبت کارکرد، مقادیر دوره، قبلی و تجمعی,8,8,0,0,3,ردیف | عنوان دفترچه | مبلغ برآوردی | اجرا شده + تجهیز | قیمت جدید | افزایش یافته | افزایش یافته + قیمت جدید | کاهش یافته,fhp_rad | fhp_abst | fhp_mb_totl | fhp_mb_work | fhp_fzkh_new | fhp_fzkh | fhp_fzkh_fznew | fhp_fzkh_kh,جدول حرفه‌ای با گروه‌بندی فصل/دفترچه، جمع‌های sticky، فیلتر، و ویرایش inline محدود
note_afzayesh_kahesh_zrib_svz,صورت‌وضعیت / کارکرد,ثبت کارکرد، مقادیر دوره، قبلی و تجمعی,11,11,0,0,6,ردیف | عنوان دفترچه | مبلغ برآوردی | اجرا شده + تجهیز | قیمت جدید | % جدید | افزایش یافته | افزایش یافته + قیمت جدید | % افزایش | کاهش یافته | % کاهش,fhp_rad | fhp_abst | fhp_mb_totl_z | fhp_mb_work_z | fhp_fzkh_new_z | fhp_fzkh_new_z_percent | fhp_fzkh_z | fhp_fzkh_fznew_z | fhp_fzkh_fznew_z_percent | fhp_fzkh_kh_z | fhp_fzkh_kh_z_percent,جدول حرفه‌ای با گروه‌بندی فصل/دفترچه، جمع‌های sticky، فیلتر، و ویرایش inline محدود
note_list_and_br_nozr_svz,صورت‌وضعیت / کارکرد,ثبت کارکرد، مقادیر دوره، قبلی و تجمعی,9,9,0,0,1,جمع برآوردی | تجهیزبرآوردباضرایب | عنوان دفترچه | فهرست بها | ستاره دار | فاکتوری | مصالح پایکار | تجهیزکارکردباضرایب | مبلغ دفترچه,fhp_mb_totl | fhp_mbtj | fhp_abst | fhp_mbfh_work | fhp_mbsx_work | fhp_mbfc_work | fhp_mbmp_work | fhp_mbtj_work | fhp_mb_work,جدول حرفه‌ای با گروه‌بندی فصل/دفترچه، جمع‌های sticky، فیلتر، و ویرایش inline محدود
note_list_and_br_ol_nozr_svz,صورت‌وضعیت / کارکرد,ثبت کارکرد، مقادیر دوره، قبلی و تجمعی,7,7,0,0,3,ردیف | عنوان دفترچه | مبلغ برآوردی | جمع قبلی دفترچه | مابه التفاوت | مبلغ تجمعی دفترچه | % وزنی,fhp_rad | fhp_abst | fhp_mb_totl | fhp_mb_work_ol | fhp_mb_work_df | fhp_mb_work | fhp_pr_work,جدول حرفه‌ای با گروه‌بندی فصل/دفترچه، جمع‌های sticky، فیلتر، و ویرایش inline محدود
note_list_and_br_ol_zrib_svz,صورت‌وضعیت / کارکرد,ثبت کارکرد، مقادیر دوره، قبلی و تجمعی,7,7,0,0,2,ردیف | عنوان دفترچه | جمع برآوردی | جمع قبلی دفترچه | مابه التفاوت | مبلغ تجمعی دفترچه | % وزنی,fhp_rad | fhp_abst | fhp_mb_totl_z | fhp_mb_work_ol_z | fhp_mb_work_df_z | fhp_mb_work_z | fhp_pr_work_z,جدول حرفه‌ای با گروه‌بندی فصل/دفترچه، جمع‌های sticky، فیلتر، و ویرایش inline محدود
note_list_and_br_zrib_svz,صورت‌وضعیت / کارکرد,ثبت کارکرد، مقادیر دوره، قبلی و تجمعی,9,9,0,0,1,جمع برآوردی | تجهیزبرآوردی | عنوان دفترچه | فهرست بها | ستاره دار | فاکتوری | مصالح پایکار | تجهیزکارکرد | مبلغ دفترچه,fhp_mb_totl_z | fhp_mbtj | fhp_abst | fhp_mbfh_work_z | fhp_mbsx_work_z | fhp_mbfc_work_z | fhp_mbmp_work_z | fhp_mbtj_work | fhp_mb_work_z,جدول حرفه‌ای با گروه‌بندی فصل/دفترچه، جمع‌های sticky، فیلتر، و ویرایش inline محدود
note_list_and_ps_nozr_svz,صورت‌وضعیت / کارکرد,ثبت کارکرد، مقادیر دوره، قبلی و تجمعی,10,10,0,0,2,% پیشنهاد | جمع پیشنهادی | تجهیزپیشنهادباضرایب | عنوان دفترچه | فهرست بها | ستاره دار | فاکتوری | مصالح پایکار | تجهیزکارکردباضرایب | مبلغ دفترچه,fhp_roshd | fhp_mb_totl_psn | fhp_mbtj_psn | fhp_abst | fhp_mbfh_work | fhp_mbsx_work | fhp_mbfc_work | fhp_mbmp_work | fhp_mbtj_work | fhp_mb_work,جدول حرفه‌ای با گروه‌بندی فصل/دفترچه، جمع‌های sticky، فیلتر، و ویرایش inline محدود
note_list_and_ps_zrib_svz,صورت‌وضعیت / کارکرد,ثبت کارکرد، مقادیر دوره، قبلی و تجمعی,10,10,0,0,2,% پیشنهاد | جمع پیشنهادی | تجهیزپیشنهادی | عنوان دفترچه | فهرست بها | ستاره دار | فاکتوری | مصالح پایکار | تجهیزکارکرد | مبلغ دفترچه,fhp_roshd_z | fhp_mb_totl_psn_z | fhp_mbtj_psn | fhp_abst | fhp_mbfh_work_z | fhp_mbsx_work_z | fhp_mbfc_work_z | fhp_mbmp_work_z | fhp_mbtj_work | fhp_mb_work_z,جدول حرفه‌ای با گروه‌بندی فصل/دفترچه، جمع‌های sticky، فیلتر، و ویرایش inline محدود
sorcp_ensani_svz,صورت‌وضعیت / کارکرد,ثبت کارکرد، مقادیر دوره، قبلی و تجمعی,10,10,0,2,6,ردیف | کدعامل | شرح نیروی انسانی | واحد | بهای واحد | مقدار برآوردی | مقدار قبلی | مقداراجراشده | بهای کل اجرا | %وزنی,src_rad | src_code_amel | src_dscr | src_unit | src_quan | src_qust_ol | src_qust,جدول حرفه‌ای با گروه‌بندی فصل/دفترچه، جمع‌های sticky، فیلتر، و ویرایش inline محدود
sorcp_ensani_svz_acts,صورت‌وضعیت / کارکرد,ثبت کارکرد، مقادیر دوره، قبلی و تجمعی,9,9,0,2,6,ردیف | شرح نیروی انسانی | واحد | بهای واحد | مقدار برآوردی | مقدار قبلی | مقداراجراشده | بهای کل | %وزنی,src_rad | src_dscr | src_unit | src_quan | src_qust_ol | src_qust,جدول حرفه‌ای با گروه‌بندی فصل/دفترچه، جمع‌های sticky، فیلتر، و ویرایش inline محدود
sorcp_haml_svz,صورت‌وضعیت / کارکرد,ثبت کارکرد، مقادیر دوره، قبلی و تجمعی,10,10,0,2,6,ردیف | کدعامل | شرح حمل | واحد | بهای واحد | مقدار برآوردی | مقدار قبلی | مقدار اجراشده | بهای کل اجرا | %وزنی,src_rad | src_code_amel | src_dscr | src_unit | src_quan | src_qust_ol | src_qust,جدول حرفه‌ای با گروه‌بندی فصل/دفترچه، جمع‌های sticky، فیلتر، و ویرایش inline محدود
sorcp_haml_svz_acts,صورت‌وضعیت / کارکرد,ثبت کارکرد، مقادیر دوره، قبلی و تجمعی,9,9,0,2,6,ردیف | شرح حمل | واحد | بهای واحد | مقدار برآوردی | مقدار قبلی | مقدار اجراشده | بهای کل | %وزنی,src_rad | src_dscr | src_unit | src_quan | src_qust_ol | src_qust,جدول حرفه‌ای با گروه‌بندی فصل/دفترچه، جمع‌های sticky، فیلتر، و ویرایش inline محدود
sorcp_machine_svz,صورت‌وضعیت / کارکرد,ثبت کارکرد، مقادیر دوره، قبلی و تجمعی,10,10,0,2,6,ردیف | کدعامل | شرح ماشین آلات | واحد | بهای واحد | مقدار برآوردی | مقدار قبلی | مقداراجراشده | بهای کل اجرا | %وزنی,src_rad | src_code_amel | src_dscr | src_unit | src_quan | src_qust_ol | src_qust,جدول حرفه‌ای با گروه‌بندی فصل/دفترچه، جمع‌های sticky، فیلتر، و ویرایش inline محدود
sorcp_machine_svz_acts,صورت‌وضعیت / کارکرد,ثبت کارکرد، مقادیر دوره، قبلی و تجمعی,9,9,0,2,6,ردیف | شرح ماشین آلات | واحد | بهای واحد | مقدار برآوردی | مقدار قبلی | مقداراجراشده | بهای کل | %وزنی,src_rad | src_dscr | src_unit | src_quan | src_qust_ol | src_qust,جدول حرفه‌ای با گروه‌بندی فصل/دفترچه، جمع‌های sticky، فیلتر، و ویرایش inline محدود
sorcp_masaleh_svz,صورت‌وضعیت / کارکرد,ثبت کارکرد، مقادیر دوره، قبلی و تجمعی,11,11,0,2,7,ردیف | کدعامل | شرح مصالح | واحد | بهای واحد | مقدار برآوردی | مقدار ورودی | مقدار قبلی | مقداراجراشده | بهای کل اجرا | %وزنی,src_rad | src_code_amel | src_dscr | src_unit | src_quan | src_qust_in | src_qust_ol | src_qust,جدول حرفه‌ای با گروه‌بندی فصل/دفترچه، جمع‌های sticky، فیلتر، و ویرایش inline محدود
sorcp_masaleh_svz_acts,صورت‌وضعیت / کارکرد,ثبت کارکرد، مقادیر دوره، قبلی و تجمعی,10,10,0,2,7,ردیف | شرح مصالح | واحد | بهای واحد | مقدار برآوردی | مقدار ورودی | مقدار قبلی | مقداراجراشده | بهای کل | %وزنی,src_rad | src_dscr | src_unit | src_quan | src_qust_in | src_qust_ol | src_qust,جدول حرفه‌ای با گروه‌بندی فصل/دفترچه، جمع‌های sticky، فیلتر، و ویرایش inline محدود
styl_Tadil_nufh,صورت‌وضعیت / کارکرد,ثبت کارکرد، مقادیر دوره، قبلی و تجمعی,24,24,0,13,15,شاخص مبنا | شاخص جاری | شاخص مبنا | شاخص جاری | شاخص دوره پایه | شاخص جاری | دوره جاری | t | B | Z | دفترچه | مبلغ صورت وضعیت فعلی,ata_shbs | ata_shnw | ata_shbsJo | ata_shnwJo | ata_shbsJo_a | ata_shnwJo_a | ata_Dore_Karkerd | itp_t_a | itp_b_a | itp_z_a | ata_nufh_name | ata_pcnw,جدول حرفه‌ای با گروه‌بندی فصل/دفترچه، جمع‌های sticky، فیلتر، و ویرایش inline محدود
styl_Tadil_nuse,صورت‌وضعیت / کارکرد,ثبت کارکرد، مقادیر دوره، قبلی و تجمعی,24,24,0,13,15,شاخص مبنا | شاخص جاری | شاخص مبنا | شاخص جاری | شاخص دوره پایه | شاخص جاری | دوره جاری | t | B | Z | فصل | مبلغ صورت وضعیت فعلی,ata_shbs | ata_shnw | ata_shbsJo | ata_shnwJo | ata_shbsJo_a | ata_shnwJo_a | ata_Dore_Karkerd | itp_t_a | itp_b_a | itp_z_a | ata_nuse_nusu | ata_pcnw,جدول حرفه‌ای با گروه‌بندی فصل/دفترچه، جمع‌های sticky، فیلتر، و ویرایش inline محدود
styl_Tadilz_nufh,صورت‌وضعیت / کارکرد,ثبت کارکرد، مقادیر دوره، قبلی و تجمعی,24,24,0,13,15,شاخص مبنا | شاخص جاری | شاخص مبنا | شاخص جاری | شاخص دوره پایه | شاخص جاری | دوره جاری | t | B | Z | دفترچه | مبلغ صورت وضعیت فعلی,ata_shbs | ata_shnw | ata_shbsJo | ata_shnwJo | ata_shbsJo_a | ata_shnwJo_a | ata_Dore_Karkerd | itp_t_a | itp_b_a | itp_z_a | ata_nufh_name | ata_pcnz,جدول حرفه‌ای با گروه‌بندی فصل/دفترچه، جمع‌های sticky، فیلتر، و ویرایش inline محدود
styl_Tadilz_nuse,صورت‌وضعیت / کارکرد,ثبت کارکرد، مقادیر دوره، قبلی و تجمعی,24,24,0,13,15,شاخص مبنا | شاخص جاری | شاخص مبنا | شاخص جاری | شاخص دوره پایه | شاخص جاری | دوره جاری | t | B | Z | فصل | مبلغ صورت وضعیت فعلی,ata_shbs | ata_shnw | ata_shbsJo | ata_shnwJo | ata_shbsJo_a | ata_shnwJo_a | ata_Dore_Karkerd | itp_t_a | itp_b_a | itp_z_a | ata_nuse_nusu | ata_pcnz,جدول حرفه‌ای با گروه‌بندی فصل/دفترچه، جمع‌های sticky، فیلتر، و ویرایش inline محدود
zrpy_svz_karkard_astr,صورت‌وضعیت / کارکرد,ثبت کارکرد، مقادیر دوره، قبلی و تجمعی,15,14,1,2,0,ردیف | فصل پایه | فصل | تعداد زیرفصل | حاصلضرایب,mlt_rad | mlt_Prnuse | mlt_nuse | mlt_SubCount | mlt_sumz_s | mlt_oth3_s | mlt_oth2_s | mlt_oth1_s | mlt_ovhd_s | mlt_tatb_s | mlt_hard_s | mlt_taba_s,جدول حرفه‌ای با گروه‌بندی فصل/دفترچه، جمع‌های sticky، فیلتر، و ویرایش inline محدود
zrpy_svz_karkard_fact,صورت‌وضعیت / کارکرد,ثبت کارکرد، مقادیر دوره، قبلی و تجمعی,15,14,1,2,0,ردیف | فصل پایه | فصل | تعداد زیرفصل | حاصلضرایب,mlt_rad | mlt_Prnuse | mlt_nuse | mlt_SubCount | mlt_sumz_fc | mlt_oth3_fc | mlt_oth2_fc | mlt_oth1_fc | mlt_ovhd_fc | mlt_tatb_fc | mlt_hard_fc | mlt_taba_fc,جدول حرفه‌ای با گروه‌بندی فصل/دفترچه، جمع‌های sticky، فیلتر، و ویرایش inline محدود
zrpy_svz_karkard_norm,صورت‌وضعیت / کارکرد,ثبت کارکرد، مقادیر دوره، قبلی و تجمعی,15,14,1,2,0,ردیف | فصل پایه | فصل | تعداد زیرفصل | حاصلضرایب,mlt_rad | mlt_Prnuse | mlt_nuse | mlt_SubCount | mlt_sumz | mlt_oth3 | mlt_oth2 | mlt_oth1 | mlt_ovhd | mlt_tatb | mlt_hard | mlt_taba,جدول حرفه‌ای با گروه‌بندی فصل/دفترچه، جمع‌های sticky، فیلتر، و ویرایش inline محدود
zrpy_svz_paikar_astr,صورت‌وضعیت / کارکرد,ثبت کارکرد، مقادیر دوره، قبلی و تجمعی,17,16,1,2,1,ردیف | فصل پایه | فصل | تعداد زیرفصل | حاصلضرایب | 70% | پایکار,mlt_rad | mlt_Prnuse | mlt_nuse | mlt_SubCount | mlt_sumz_s_mp | mlt_zrmp_70_s_mp | mlt_zrmp_s_mp | mlt_oth3_s_mp | mlt_oth2_s_mp | mlt_oth1_s_mp | mlt_ovhd_s_mp | mlt_tatb_s_mp,جدول حرفه‌ای با گروه‌بندی فصل/دفترچه، جمع‌های sticky، فیلتر، و ویرایش inline محدود
zrpy_svz_paikar_fact,صورت‌وضعیت / کارکرد,ثبت کارکرد، مقادیر دوره، قبلی و تجمعی,17,16,1,2,1,ردیف | فصل پایه | فصل | تعداد زیرفصل | حاصلضرایب | 70% | پایکار,mlt_rad | mlt_Prnuse | mlt_nuse | mlt_SubCount | mlt_sumz_fc_mp | mlt_zrmp_70_fc_mp | mlt_zrmp_fc_mp | mlt_oth3_fc_mp | mlt_oth2_fc_mp | mlt_oth1_fc_mp | mlt_ovhd_fc_mp | mlt_tatb_fc_mp,جدول حرفه‌ای با گروه‌بندی فصل/دفترچه، جمع‌های sticky، فیلتر، و ویرایش inline محدود
zrpy_svz_paikar_norm,صورت‌وضعیت / کارکرد,ثبت کارکرد، مقادیر دوره، قبلی و تجمعی,17,16,1,2,1,ردیف | فصل پایه | فصل | تعداد زیرفصل | حاصلضرایب | 70% | پایکار,mlt_rad | mlt_Prnuse | mlt_nuse | mlt_SubCount | mlt_sumz_mp | mlt_zrmp_70_mp | mlt_zrmp_mp | mlt_oth3_mp | mlt_oth2_mp | mlt_oth1_mp | mlt_ovhd_mp | mlt_tatb_mp,جدول حرفه‌ای با گروه‌بندی فصل/دفترچه، جمع‌های sticky، فیلتر، و ویرایش inline محدود
azad1,عمومی / نامشخص,نیازمند بررسی دستی,8,8,0,0,1,شماره | شرح | فروردین | اردیبهشت | خرداد | تیر | مرداد | شهریور,pfs_rad | pfs_dscr | pfs_fr01 | pfs_fr02 | pfs_fr03 | pfs_fr04 | pfs_fr05 | pfs_fr06,زیرصفحه پیشرفته/تنظیمات یا جدول تخصصی با دسترسی محدود
azad2,عمومی / نامشخص,نیازمند بررسی دستی,8,8,0,0,1,شماره | شرح | مهر | آبان | آذر | دی | بهمن | اسفند,pfs_rad | pfs_dscr | pfs_fr07 | pfs_fr08 | pfs_fr09 | pfs_fr10 | pfs_fr11 | pfs_fr12,زیرصفحه پیشرفته/تنظیمات یا جدول تخصصی با دسترسی محدود
mbsc,عمومی / نامشخص,نیازمند بررسی دستی,7,7,0,0,4,ردیف | شرح | واحد | بهای واحد )نت( | بهای واحد )آمار( | بهای واحد )روز( | تاریخ )روز(,src_rad | src_dscr | src_unit | src_pcun_net | src_pcun_amar | src_pcun_rooz | src_date_rooz,زیرصفحه پیشرفته/تنظیمات یا جدول تخصصی با دسترسی محدود
p1,عمومی / نامشخص,نیازمند بررسی دستی,3,3,0,0,2,شماره | شرح | قیمت واحد بریال,pfs_rad | pfs_dscr | pfs_prp1,زیرصفحه پیشرفته/تنظیمات یا جدول تخصصی با دسترسی محدود
p2,عمومی / نامشخص,نیازمند بررسی دستی,6,6,0,0,1,شماره | شرح | سه ماهه اول | سه ماهه دوم | سه ماهه سوم | سه ماهه چهارم,pfs_rad | pfs_dscr | pfs_prp1 | pfs_prp2 | pfs_prp3 | pfs_prp4,زیرصفحه پیشرفته/تنظیمات یا جدول تخصصی با دسترسی محدود
styl_10th,عمومی / نامشخص,نیازمند بررسی دستی,2,2,0,0,0,h | G : kg/m,lst_h | lst_G,زیرصفحه پیشرفته/تنظیمات یا جدول تخصصی با دسترسی محدود
styl_11th,عمومی / نامشخص,نیازمند بررسی دستی,3,3,0,0,0,L | a | G : kg/m,lst_h | lst_G | lst_G2,زیرصفحه پیشرفته/تنظیمات یا جدول تخصصی با دسترسی محدود
styl_12th,عمومی / نامشخص,نیازمند بررسی دستی,3,3,0,0,0,a * b | s | G : kg/m,lst_h | lst_G | lst_G2,زیرصفحه پیشرفته/تنظیمات یا جدول تخصصی با دسترسی محدود
styl_13th,عمومی / نامشخص,نیازمند بررسی دستی,3,3,0,0,0,a | s | G : kg/m,lst_h | lst_G | lst_G2,زیرصفحه پیشرفته/تنظیمات یا جدول تخصصی با دسترسی محدود
styl_14th,عمومی / نامشخص,نیازمند بررسی دستی,10,10,0,0,0,t | b : 10 | b : 15 | b : 20 | b : 25 | b : 30 | b : 35 | b : 40 | b : 45 | b : 50,lst_h | lst_G | lst_G2 | lst_G3 | lst_G4 | lst_G5 | lst_G6 | lst_G7 | lst_G8 | lst_G9,زیرصفحه پیشرفته/تنظیمات یا جدول تخصصی با دسترسی محدود
styl_15th,عمومی / نامشخص,نیازمند بررسی دستی,11,11,0,0,0,t | b : 55 | b : 60 | b : 65 | b : 70 | b : 75 | b : 80 | b : 85 | b : 90 | b : 95 | b : 100,lst_h | lst_G | lst_G2 | lst_G3 | lst_G4 | lst_G5 | lst_G6 | lst_G7 | lst_G8 | lst_G9 | lst_G10,زیرصفحه پیشرفته/تنظیمات یا جدول تخصصی با دسترسی محدود
styl_16th,عمومی / نامشخص,نیازمند بررسی دستی,14,14,0,0,0,b | s : 5 | s : 6 | s : 8 | s : 10 | s : 12 | s : 15 | s : 20 | s : 25 | s : 30 | s : 40 | s : 50,lst_h | lst_G | lst_G2 | lst_G3 | lst_G4 | lst_G5 | lst_G6 | lst_G7 | lst_G8 | lst_G9 | lst_G10 | lst_G11,زیرصفحه پیشرفته/تنظیمات یا جدول تخصصی با دسترسی محدود
styl_17th,عمومی / نامشخص,نیازمند بررسی دستی,3,3,0,0,0,D | S | G : kg/m,lst_h | lst_G | lst_G2,زیرصفحه پیشرفته/تنظیمات یا جدول تخصصی با دسترسی محدود
styl_18th,عمومی / نامشخص,نیازمند بررسی دستی,2,2,0,0,0,فی | وزن مترطول,lst_h | lst_G,زیرصفحه پیشرفته/تنظیمات یا جدول تخصصی با دسترسی محدود
styl_19th,عمومی / نامشخص,نیازمند بررسی دستی,2,2,0,0,0,U | G:kg/m,lst_h | lst_G,زیرصفحه پیشرفته/تنظیمات یا جدول تخصصی با دسترسی محدود
styl_1th,عمومی / نامشخص,نیازمند بررسی دستی,2,2,0,0,0,l : h | G:kg/m,lst_h | lst_G,زیرصفحه پیشرفته/تنظیمات یا جدول تخصصی با دسترسی محدود
styl_20th,عمومی / نامشخص,نیازمند بررسی دستی,2,2,0,0,0,IPE | G:kg/m,lst_h | lst_G,زیرصفحه پیشرفته/تنظیمات یا جدول تخصصی با دسترسی محدود
styl_21th,عمومی / نامشخص,نیازمند بررسی دستی,2,2,0,0,0,IPB | G:kg/m,lst_h | lst_G,زیرصفحه پیشرفته/تنظیمات یا جدول تخصصی با دسترسی محدود
styl_22th,عمومی / نامشخص,نیازمند بررسی دستی,2,2,0,0,0,حماله نوردیده | G:kg/m,lst_h | lst_G,زیرصفحه پیشرفته/تنظیمات یا جدول تخصصی با دسترسی محدود
styl_23th,عمومی / نامشخص,نیازمند بررسی دستی,2,2,0,0,0,I | G:kg/m,lst_h | lst_G,زیرصفحه پیشرفته/تنظیمات یا جدول تخصصی با دسترسی محدود
styl_24th,عمومی / نامشخص,نیازمند بررسی دستی,2,2,0,0,0,T | G:kg/m,lst_h | lst_G,زیرصفحه پیشرفته/تنظیمات یا جدول تخصصی با دسترسی محدود
styl_25th,عمومی / نامشخص,نیازمند بررسی دستی,2,2,0,0,0,a * s | G:kg/m,lst_h | lst_G,زیرصفحه پیشرفته/تنظیمات یا جدول تخصصی با دسترسی محدود
styl_26th,عمومی / نامشخص,نیازمند بررسی دستی,2,2,0,0,0,a * s | G:kg/m,lst_h | lst_G,زیرصفحه پیشرفته/تنظیمات یا جدول تخصصی با دسترسی محدود
styl_27th,عمومی / نامشخص,نیازمند بررسی دستی,3,3,0,0,0,B | T | M:kg/m,lst_h | lst_G | lst_G2,زیرصفحه پیشرفته/تنظیمات یا جدول تخصصی با دسترسی محدود
styl_28th,عمومی / نامشخص,نیازمند بررسی دستی,3,3,0,0,0,H * B | T | M:kg/m,lst_h | lst_G | lst_G2,زیرصفحه پیشرفته/تنظیمات یا جدول تخصصی با دسترسی محدود
styl_29th,عمومی / نامشخص,نیازمند بررسی دستی,3,3,0,0,0,B | T | M:kg/m,lst_h | lst_G | lst_G2,زیرصفحه پیشرفته/تنظیمات یا جدول تخصصی با دسترسی محدود
styl_2th,عمومی / نامشخص,نیازمند بررسی دستی,2,2,0,0,0,IPE : h | G:kg/m,lst_h | lst_G,زیرصفحه پیشرفته/تنظیمات یا جدول تخصصی با دسترسی محدود
styl_30th,عمومی / نامشخص,نیازمند بررسی دستی,3,3,0,0,0,H * B | T | M:kg/m,lst_h | lst_G | lst_G2,زیرصفحه پیشرفته/تنظیمات یا جدول تخصصی با دسترسی محدود
styl_31th,عمومی / نامشخص,نیازمند بررسی دستی,3,3,0,0,0,D | T | M:kg/m,lst_h | lst_G | lst_G2,زیرصفحه پیشرفته/تنظیمات یا جدول تخصصی با دسترسی محدود
styl_32th,عمومی / نامشخص,نیازمند بررسی دستی,2,2,0,0,0,A یا B | G:kg/m,lst_h | lst_G,زیرصفحه پیشرفته/تنظیمات یا جدول تخصصی با دسترسی محدود
styl_33th,عمومی / نامشخص,نیازمند بررسی دستی,2,2,0,0,0,A یا B | G:kg/m,lst_h | lst_G,زیرصفحه پیشرفته/تنظیمات یا جدول تخصصی با دسترسی محدود
styl_3th,عمومی / نامشخص,نیازمند بررسی دستی,2,2,0,0,0,IPB : h | G:kg/m,lst_h | lst_G,زیرصفحه پیشرفته/تنظیمات یا جدول تخصصی با دسترسی محدود
styl_4th,عمومی / نامشخص,نیازمند بررسی دستی,2,2,0,0,0,IPB1 : h | G:kg/m,lst_h | lst_G,زیرصفحه پیشرفته/تنظیمات یا جدول تخصصی با دسترسی محدود
styl_5th,عمومی / نامشخص,نیازمند بررسی دستی,2,2,0,0,0,l | G:kg/m,lst_h | lst_G,زیرصفحه پیشرفته/تنظیمات یا جدول تخصصی با دسترسی محدود
styl_6th,عمومی / نامشخص,نیازمند بررسی دستی,3,3,0,0,0,h : I | G:بدون ورق اضافی | G:با ورق200,lst_h | lst_G | lst_G2,زیرصفحه پیشرفته/تنظیمات یا جدول تخصصی با دسترسی محدود
styl_7th,عمومی / نامشخص,نیازمند بررسی دستی,3,3,0,0,0,h : IPE | G:بدون ورق اضافی | G:با ورق200,lst_h | lst_G | lst_G2,زیرصفحه پیشرفته/تنظیمات یا جدول تخصصی با دسترسی محدود
styl_8th,عمومی / نامشخص,نیازمند بررسی دستی,3,3,0,0,0,h : IPB | G:بدون ورق اضافی | G:با ورق200,lst_h | lst_G | lst_G2,زیرصفحه پیشرفته/تنظیمات یا جدول تخصصی با دسترسی محدود
styl_9th,عمومی / نامشخص,نیازمند بررسی دستی,3,3,0,0,0,C : h | C : b | G : kg/m,lst_h | lst_G | lst_G2,زیرصفحه پیشرفته/تنظیمات یا جدول تخصصی با دسترسی محدود
Base_book,فهرست‌بها / دفترچه,انتخاب دفترچه، فصل و آیتم فهرست‌بها,4,4,0,0,0,ردیف | کد دفترچه | نام دفترچه | شرح کامل,bok_rad | bok_nufh | bok_abst | src_dscr,جستجوی سریع فهرست‌بها، فیلتر فصل، preview شرح کامل، انتخاب چندتایی
Mbhm_1est,فهرست‌بها / دفترچه,انتخاب دفترچه، فصل و آیتم فهرست‌بها,11,11,0,0,4,Ok | کدفهرست | * | شرح فهرست بها | ملاحظات | واحد کار | ضریب k1 | ضریب k2 | ضریب k3 | ضریب k4 | حاصل ضرایب,hmb_checked | hmb_cofh | fbh_astr_str | fbh_abst | hmb_dscr | fbh_unit | hmb_zar1 | hmb_zar2 | hmb_zar3 | hmb_zar4 | hmb_sumz,جستجوی سریع فهرست‌بها، فیلتر فصل، preview شرح کامل، انتخاب چندتایی
Mbhm_2end,فهرست‌بها / دفترچه,انتخاب دفترچه، فصل و آیتم فهرست‌بها,11,11,0,0,4,Ok | کدفهرست | * | شرح فهرست بها | ملاحظات | واحد کار | ضریب k1 | ضریب k2 | ضریب k3 | ضریب k4 | حاصل ضرایب,hmb_checked | hmb_cofh | fbh_astr_str | fbh_abst | hmb_dscr | fbh_unit | hmb_zar1 | hmb_zar2 | hmb_zar3 | hmb_zar4 | hmb_sumz,جستجوی سریع فهرست‌بها، فیلتر فصل، preview شرح کامل، انتخاب چندتایی
Shakhes,فهرست‌بها / دفترچه,انتخاب دفترچه، فصل و آیتم فهرست‌بها,8,8,0,0,0,دفترچه | فصل | شرح | چهارم قبلی | سه ماهه اول | سه ماهه دوم | سه ماهه سوم | سه ماهه چهارم,shk_nufh | shk_nuse | shk_name | pdo5 | shk_pdo1 | shk_pdo2 | shk_pdo3 | shk_pdo4,جستجوی سریع فهرست‌بها، فیلتر فصل، preview شرح کامل، انتخاب چندتایی
list_prev_bgml,فهرست‌بها / دفترچه,انتخاب دفترچه، فصل و آیتم فهرست‌بها,9,9,0,0,1,ردیف | کد فهرست | * | شرح مختصر | شرح کامل | واحد کار | ریال واحد | مقدار | جمع بریال,bgm_rad | bgm_cofh | fbh_astr_str | fbh_abst | fbh_desc | fbh_unit | fbh_pcun | bgm_qust | bgm_pcst,جستجوی سریع فهرست‌بها، فیلتر فصل، preview شرح کامل، انتخاب چندتایی
mbse,فهرست‌بها / دفترچه,انتخاب دفترچه، فصل و آیتم فهرست‌بها,3,3,0,0,0,ردیف | فصل | شرح فصل,mlt_rad | mlt_nuse | mlt_name,جستجوی سریع فهرست‌بها، فیلتر فصل، preview شرح کامل، انتخاب چندتایی
KhMetre,متره / ریزمتره,ثبت ریزمتره، فرمول مقدار و اتصال به آیتم‌ها,15,15,0,4,4,زیر | ردیف | فعالیت | تاریخ صورتمجلس | شماره صورتمجلس | ن | کدفهرست | * | نقل از | موقعیت | جمع جزیی | ضریب,kmt_raj | kmt_rad | kmt_coac | kmt_dtsj | kmt_nusj | ity_Summ | kmt_cofh | fbh_astr_str | kmt_nagl_rzmt | kmt_link_mog | kmt_sumj | mog_zrib,فرم ریزمتره خطی با expression/quantity editor، پیوست، و اتصال به آیتم
list_prev_khmt,متره / ریزمتره,ثبت ریزمتره، فرمول مقدار و اتصال به آیتم‌ها,14,14,0,3,4,زیر | ردیف | فعالیت | تاریخ صورتمجلس | شماره صورتمجلس | کدفهرست | * | نقل از | موقعیت | جمع جزیی | ضریب | جزیی با ضریب,kmt_raj | kmt_rad | kmt_coac | kmt_dtsj | kmt_nusj | kmt_cofh | fbh_astr_str | kmt_nagl_rzmt | kmt_link_mog | kmt_sumj | mog_zrib | kmt_sujz,فرم ریزمتره خطی با expression/quantity editor، پیوست، و اتصال به آیتم
list_prev_rzmt,متره / ریزمتره,ثبت ریزمتره، فرمول مقدار و اتصال به آیتم‌ها,15,15,0,2,0,م | زیر | ردیف | شرح عملیات | فعالیت | کدفهرست | * | تعداد | طول | عرض | ارتفاع | وزن,rmt_fare | rmt_raj | rmt_rad | rmt_dsam | rmt_coac | rmt_cofh | fbh_astr_str | rmt_numo | rmt_tool | rmt_arz | rmt_heit | rmt_weit,فرم ریزمتره خطی با expression/quantity editor، پیوست، و اتصال به آیتم
Haml,منابع / مصالح / حمل,مصالح، ماشین‌آلات، نیروی انسانی، حمل و منبع‌یابی,11,11,0,3,1,کدفهرست | * | شرح مختصر | واحد | k1 | k2 | k3 | k4 | حاصلضرایب | مقدار | جمع مصرفی,hmp_cofh | fbh_astr_str | fbh_abst | fbh_unit | hmb_zar1 | hmb_zar2 | hmb_zar3 | hmb_zar4 | hmb_sumz | hmp_quan | hmp_totl,زیرصفحه پیشرفته/تنظیمات یا جدول تخصصی با دسترسی محدود
fhbh_norm,منابع / مصالح / حمل,مصالح، ماشین‌آلات، نیروی انسانی، حمل و منبع‌یابی,12,12,0,0,1,کد پایه | کد فهرست | زیرفصل | زیرفصل | نوع | * | شرح مختصر | واحد کار | اثر واحد | بهای واحد بریال | شرح کامل | فصل حمل,fbh_prCofh | fbh_cofh | fbh_nusu | fbh_nusu | fbh_tjtId | fbh_astr | fbh_abst | fbh_unit | fbh_tyun | fbh_pcun | fbh_desc | fbh_NuseForSh,زیرصفحه پیشرفته/تنظیمات یا جدول تخصصی با دسترسی محدود
fhbh_shahr,منابع / مصالح / حمل,مصالح، ماشین‌آلات، نیروی انسانی، حمل و منبع‌یابی,11,11,0,0,2,کد فهرست | * | شرح مختصر | واحد کار | مصالح و.. بریال | دستمزد بریال | بهای واحد بریال | شماره دستورالعمل | اثر واحد | شرح کامل | فصل حمل,fbh_cofh | fbh_astr | fbh_abst | fbh_unit | fbh_pcun_masaleh | fbh_pcun_dastmozd | fbh_pcun | fbh_NumbOrder | fbh_tyun | fbh_desc | fbh_NuseForSh,زیرصفحه پیشرفته/تنظیمات یا جدول تخصصی با دسترسی محدود
sorcp_ensani,منابع / مصالح / حمل,مصالح، ماشین‌آلات، نیروی انسانی، حمل و منبع‌یابی,8,8,0,2,4,ردیف | کدعامل | شرح نیروی انسانی | واحد | بهای واحد | مقدار | بهای کل | % وزنی,src_rad | src_code_amel | src_dscr | src_unit | src_quan,زیرصفحه پیشرفته/تنظیمات یا جدول تخصصی با دسترسی محدود
sorcp_ensani_acts,منابع / مصالح / حمل,مصالح، ماشین‌آلات، نیروی انسانی، حمل و منبع‌یابی,7,7,0,0,3,ردیف | شرح نیروی انسانی | واحد | بهای واحد | مقدار مورد نیاز | بهای کل | تعداد موجود,src_rad | src_dscr | src_unit | src_quan | src_count,زیرصفحه پیشرفته/تنظیمات یا جدول تخصصی با دسترسی محدود
sorcp_haml,منابع / مصالح / حمل,مصالح، ماشین‌آلات، نیروی انسانی، حمل و منبع‌یابی,8,8,0,2,4,ردیف | کدعامل | شرح حمل | واحد | بهای واحد | مقدار | بهای کل | % وزنی,src_rad | src_code_amel | src_dscr | src_unit | src_quan,زیرصفحه پیشرفته/تنظیمات یا جدول تخصصی با دسترسی محدود
sorcp_haml_acts,منابع / مصالح / حمل,مصالح، ماشین‌آلات، نیروی انسانی، حمل و منبع‌یابی,7,7,0,0,4,ردیف | شرح حمل | واحد | بهای واحد | مقدار مورد نیاز | بهای کل | % وزنی,src_rad | src_dscr | src_unit | src_quan,زیرصفحه پیشرفته/تنظیمات یا جدول تخصصی با دسترسی محدود
sorcp_machine,منابع / مصالح / حمل,مصالح، ماشین‌آلات، نیروی انسانی، حمل و منبع‌یابی,8,8,0,2,4,ردیف | کدعامل | شرح ماشین آلات | واحد | بهای واحد | مقدار | بهای کل | % وزنی,src_rad | src_code_amel | src_dscr | src_unit | src_quan,زیرصفحه پیشرفته/تنظیمات یا جدول تخصصی با دسترسی محدود
sorcp_machine_acts,منابع / مصالح / حمل,مصالح، ماشین‌آلات، نیروی انسانی، حمل و منبع‌یابی,7,7,0,0,3,ردیف | شرح ماشین آلات | واحد | بهای واحد | مقدار مورد نیاز | بهای کل | تعداد موجود,src_rad | src_dscr | src_unit | src_quan | src_count,زیرصفحه پیشرفته/تنظیمات یا جدول تخصصی با دسترسی محدود
sorcp_masaleh,منابع / مصالح / حمل,مصالح، ماشین‌آلات، نیروی انسانی، حمل و منبع‌یابی,8,8,0,2,4,ردیف | کدعامل | شرح مصالح | واحد | بهای واحد | مقدار | بهای کل | % وزنی,src_rad | src_code_amel | src_dscr | src_unit | src_quan,زیرصفحه پیشرفته/تنظیمات یا جدول تخصصی با دسترسی محدود
sorcp_masaleh_acts,منابع / مصالح / حمل,مصالح، ماشین‌آلات، نیروی انسانی، حمل و منبع‌یابی,7,7,0,0,4,ردیف | شرح مصالح | واحد | بهای واحد | مقدار مورد نیاز | بهای کل | % وزنی,src_rad | src_dscr | src_unit | src_quan,زیرصفحه پیشرفته/تنظیمات یا جدول تخصصی با دسترسی محدود
Note_63219_psn,پیشنهاد / پیمان,ثبت پیشنهاد، ضرایب پیمان و اقلام پیمان,10,10,0,0,5,عنوان دفترچه | مبلغ برآوردی با احتساب ضرایب | هزینه تجهیز برآوردی | برآوردی با ضرایب + تجهیز | مبلغ برآوردی با احتساب ضرایب | مبلغ پیشنهادی با احتساب ضرایب | هزینه تجهیز پیشنهادی | پیشنهادی با ضرایب + تجهیز | مبلغ پیشنهادی با احتساب ضرایب | ضریب پیشنهادی,fhp_abst | fhp_mb_fhsx_z | fhp_mbtj | fhp_mb_fhsx_z_mbtj | fhp_mb_totl_z | fhp_mb_fhsx_psn_z | fhp_mbtj_psn | fhp_mb_fhsx_psn_z_mbtj_psn | fhp_mb_totl_psn_z | fhp_zrib_z,جدول حرفه‌ای با گروه‌بندی فصل/دفترچه، جمع‌های sticky، فیلتر، و ویرایش inline محدود
Note_fact_nozr_psn,پیشنهاد / پیمان,ثبت پیشنهاد، ضرایب پیمان و اقلام پیمان,9,9,0,0,0,عنوان دفترچه | فهرست بها | ستاره دار | تجهیزبرآوردباضرایب | جمع برآوردی | فاکتوری برآوردی | تجهیزپیشنهادباضرایب | جمع پیشنهادی | فاکتوری پیشنهادی,fhp_abst | fhp_mbfh | fhp_mbsx | fhp_mbtj | fhp_mb_totl | fhp_mbfc | fhp_mbtj_psn | fhp_mb_totl_psn | fhp_mbfc_psn,جدول حرفه‌ای با گروه‌بندی فصل/دفترچه، جمع‌های sticky، فیلتر، و ویرایش inline محدود
Note_fact_zrib_psn,پیشنهاد / پیمان,ثبت پیشنهاد، ضرایب پیمان و اقلام پیمان,9,9,0,0,0,عنوان دفترچه | فهرست بها | ستاره دار | تجهیز برآوردی | جمع برآوردی | فاکتوری برآوردی | تجهیز پیشنهادی | جمع پیشنهادی | فاکتوری پیشنهادی,fhp_abst | fhp_mbfh_z | fhp_mbsx_z | fhp_mbtj | fhp_mb_totl_z | fhp_mbfc_z | fhp_mbtj_psn | fhp_mb_totl_psn_z | fhp_mbfc_psn_z,جدول حرفه‌ای با گروه‌بندی فصل/دفترچه، جمع‌های sticky، فیلتر، و ویرایش inline محدود
Note_list_nozr_psn,پیشنهاد / پیمان,ثبت پیشنهاد، ضرایب پیمان و اقلام پیمان,9,9,0,0,1,ردیف | عنوان دفترچه | فهرست بها | ستاره دار | تجهیزبرآوردباضرایب | جمع برآوردی | تجهیزپیشنهادباضرایب | جمع پیشنهادی | %رشد,fhp_rad | fhp_abst | fhp_mbfh | fhp_mbsx | fhp_mbtj | fhp_mb_totl | fhp_mbtj_psn | fhp_mb_totl_psn | fhp_roshd,جدول حرفه‌ای با گروه‌بندی فصل/دفترچه، جمع‌های sticky، فیلتر، و ویرایش inline محدود
Note_list_zrib_psn,پیشنهاد / پیمان,ثبت پیشنهاد، ضرایب پیمان و اقلام پیمان,9,9,0,0,1,ردیف | عنوان دفترچه | فهرست بها | ستاره دار | تجهیز برآوردی | جمع برآوردی | تجهیز پیشنهادی | جمع پیشنهادی | %رشد,fhp_rad | fhp_abst | fhp_mbfh_z | fhp_mbsx_z | fhp_mbtj | fhp_mb_totl_z | fhp_mbtj_psn | fhp_mb_totl_psn_z | fhp_roshd_z,جدول حرفه‌ای با گروه‌بندی فصل/دفترچه، جمع‌های sticky، فیلتر، و ویرایش inline محدود
Note_tdnv_nozr_psn,پیشنهاد / پیمان,ثبت پیشنهاد، ضرایب پیمان و اقلام پیمان,10,10,0,0,3,عنوان دفترچه | فهرست بها | ستاره دار | تجهیز برآوردی | جمع برآوردی کل | تجهیز پیشنهادی | جمع پیشنهادی کل - تعدیل | %رشد | شاخص مبنا | شاخص جاری,fhp_abst | fhp_mbfh | fhp_mbsx | fhp_mbtj | fhp_mb_totl | fhp_mbtj_psn | fhp_mb_totl_tdil_psn | fhp_roshd_tdil_psn | shk_pd_m | shk_pd_j,جدول حرفه‌ای با گروه‌بندی فصل/دفترچه، جمع‌های sticky، فیلتر، و ویرایش inline محدود
Note_tdnv_zrib_psn,پیشنهاد / پیمان,ثبت پیشنهاد، ضرایب پیمان و اقلام پیمان,10,10,0,0,3,عنوان دفترچه | فهرست بها | ستاره دار | تجهیز برآوردی | جمع برآوردی کل | تجهیز پیشنهادی | جمع پیشنهادی کل - تعدیل | %رشد | شاخص مبنا | شاخص جاری,fhp_abst | fhp_mbfh_z | fhp_mbsx_z | fhp_mbtj | fhp_mb_totl_z | fhp_mbtj_psn | fhp_mb_totl_tdil_psn_z | fhp_roshd_tdil_psn_z | shk_pd_m | shk_pd_j,جدول حرفه‌ای با گروه‌بندی فصل/دفترچه، جمع‌های sticky، فیلتر، و ویرایش inline محدود
Note_v4951_psn,پیشنهاد / پیمان,ثبت پیشنهاد، ضرایب پیمان و اقلام پیمان,10,10,0,0,1,عنوان دفترچه | جمع فصلها | هزینه بالاسری | هزینه تجهیز برآوردی | جمع (برآوردکل) | جمع فصلهای پیشنهادی | بالاسری پیشنهادی | هزینه تجهیز پیشنهادی | جمع (پیشنهادکل) | %رشد,fhp_abst | fhp_mb49 | fhp_mb_ovhd | fhp_mbtj | fhp_tl49 | fhp_mb49_psn | fhp_mb_ovhd_psn | fhp_mbtj_psn | fhp_tl49_psn | fhp_roshd_49,جدول حرفه‌ای با گروه‌بندی فصل/دفترچه، جمع‌های sticky، فیلتر، و ویرایش inline محدود
list_63219_psn,پیشنهاد / پیمان,ثبت پیشنهاد، ضرایب پیمان و اقلام پیمان,6,6,0,0,3,فصل | عنوان فصل | مبلغ فصل | مبلغ فصل با احتساب ضرایب | پیشنهادی پیمانکار با احتساب ضرایب | ضریب پیشنهادی جزء,mlt_nuse | mlt_name | ses_pctl | ses_pctl_z | ses_pctl_psn_z | ses_zr_roshd_z,جدول حرفه‌ای با گروه‌بندی فصل/دفترچه، جمع‌های sticky، فیلتر، و ویرایش inline محدود
list_acti_psn,پیشنهاد / پیمان,ثبت پیشنهاد، ضرایب پیمان و اقلام پیمان,15,15,0,1,4,ردیف | فعالیت | ن | کد فهرست | * | واحد | شرح مختصر | شرح کامل | ریال واحد | مقدار برآوردی | مبلغ برآوردی | بها واحد پیشنهادی,bgm_rad | bgm_coac | ity_Summ | bgm_cofh | fbh_astr_str | fbh_unit | fbh_abst | fbh_desc | fbh_pcun | bgm_quan | bgm_pcal | fbh_pcun_psn,جدول حرفه‌ای با گروه‌بندی فصل/دفترچه، جمع‌های sticky، فیلتر، و ویرایش inline محدود
list_nozr_psn,پیشنهاد / پیمان,ثبت پیشنهاد، ضرایب پیمان و اقلام پیمان,10,10,0,0,3,ردیف | فصل | عنوان فصل | فهرست بها | ستاره دار | جمع برآوردی | %وزنی | جمع پیشنهادی | %وزنی | %رشد,mlt_rad | mlt_nuse | mlt_name | ses_pcfh | ses_pcsx | ses_pctl | ses_prbv | ses_pctl_psn | ses_prbv_psn | ses_pr_roshd,جدول حرفه‌ای با گروه‌بندی فصل/دفترچه، جمع‌های sticky، فیلتر، و ویرایش inline محدود
list_psn,پیشنهاد / پیمان,ثبت پیشنهاد، ضرایب پیمان و اقلام پیمان,14,14,0,1,4,ردیف | ن | کد فهرست | * | واحد | شرح مختصر | شرح کامل | ریال واحد | مقدار برآوردی | مبلغ برآوردی | بها واحد پیشنهادی | مبلغ پیشنهادی,bgm_rad | ity_Summ | bgm_cofh | fbh_astr_str | fbh_unit | fbh_abst | fbh_desc | fbh_pcun | bgm_quan | bgm_pcal | fbh_pcun_psn | bgm_pcal_psn,جدول حرفه‌ای با گروه‌بندی فصل/دفترچه، جمع‌های sticky، فیلتر، و ویرایش inline محدود
list_shahr_acti_psn,پیشنهاد / پیمان,ثبت پیشنهاد، ضرایب پیمان و اقلام پیمان,19,17,2,0,5,"ردیف | فعالیت | کد فهرست | * | شرح مختصر | شرح کامل | واحد کار | ریال واحد | مقدار برآوردی
      a | ریال واحد مصالح
      m | ریال واحد دستمزد
      w | مجموع دربالاسری
      (u=o*a(m+w",bgm_rad | bgm_coac | bgm_cofh | fbh_astr_str | fbh_abst | fbh_desc | fbh_unit | fbh_pcun | bgm_quan | fbh_pcun_masaleh | fbh_pcun_dastmozd | bgm_pcal_shahr,جدول حرفه‌ای با گروه‌بندی فصل/دفترچه، جمع‌های sticky، فیلتر، و ویرایش inline محدود
list_shahr_psn,پیشنهاد / پیمان,ثبت پیشنهاد، ضرایب پیمان و اقلام پیمان,18,16,2,0,5,"ردیف | کد فهرست | * | شرح مختصر | شرح کامل | واحد کار | ریال واحد | مقدار برآوردی
      a | ریال واحد مصالح
      m | ریال واحد دستمزد
      w | مجموع دربالاسری
      (u=o*a(m+w | ریال واحد پیشنهادی مصالح",bgm_rad | bgm_cofh | fbh_astr_str | fbh_abst | fbh_desc | fbh_unit | fbh_pcun | bgm_quan | fbh_pcun_masaleh | fbh_pcun_dastmozd | bgm_pcal_shahr | fbh_pcun_masaleh_psn,جدول حرفه‌ای با گروه‌بندی فصل/دفترچه، جمع‌های sticky، فیلتر، و ویرایش inline محدود
list_tdnr_acti_psn,پیشنهاد / پیمان,ثبت پیشنهاد، ضرایب پیمان و اقلام پیمان,15,15,0,0,5,ردیف | فعالیت | کدفهرست | * | شرح مختصر | شرح کامل | واحد | بهای واحد | مقدار برآوردی | مبلغ برآوردی | برآوردی+تعدیل | بها واحد پیشنهادی,bgm_rad | bgm_coac | bgm_cofh | fbh_astr_str | fbh_abst | fbh_desc | fbh_unit | fbh_pcun | bgm_quan | bgm_pcal | bgm_pcal_tdil_exp | fbh_pcun_psn,جدول حرفه‌ای با گروه‌بندی فصل/دفترچه، جمع‌های sticky، فیلتر، و ویرایش inline محدود
list_tdnr_nozr_psn,پیشنهاد / پیمان,ثبت پیشنهاد، ضرایب پیمان و اقلام پیمان,11,11,0,2,5,فصل | عنوان فصل | فهرست بها + تعدیل | ستاره دار + تعدیل | جمع برآوردی + تعدیل | %وزنی | جمع پیشنهادی | %وزنی | %رشد | شاخص مبنا | شاخص جاری,mlt_nuse_nusu | mlt_name | ses_pcfh_tdil | ses_pcsx_tdil | ses_pctl_tdil | ses_prbv_tdil | ses_pctl_psn | ses_prbv_psn | ses_pr_roshd_tdil | shk_pd_m | shk_pd_j,جدول حرفه‌ای با گروه‌بندی فصل/دفترچه، جمع‌های sticky، فیلتر، و ویرایش inline محدود
list_tdnr_psn,پیشنهاد / پیمان,ثبت پیشنهاد، ضرایب پیمان و اقلام پیمان,14,14,0,0,5,ردیف | کدفهرست | * | شرح مختصر | شرح کامل | واحد | بهای واحد | مقدار برآوردی | مبلغ برآوردی | برآوردی+تعدیل | بها واحد پیشنهادی | مبلغ پیشنهادی,bgm_rad | bgm_cofh | fbh_astr_str | fbh_abst | fbh_desc | fbh_unit | fbh_pcun | bgm_quan | bgm_pcal | bgm_pcal_tdil_exp | fbh_pcun_psn | bgm_pcal_psn,جدول حرفه‌ای با گروه‌بندی فصل/دفترچه، جمع‌های sticky، فیلتر، و ویرایش inline محدود
list_tdnr_zrib_psn,پیشنهاد / پیمان,ثبت پیشنهاد، ضرایب پیمان و اقلام پیمان,11,11,0,2,5,فصل | عنوان فصل | فهرست بها + تعدیل | ستاره دار + تعدیل | جمع برآوردی + تعدیل | %وزنی | جمع پیشنهادی | %وزنی | %رشد | شاخص مبنا | شاخص جاری,mlt_nuse_nusu | mlt_name | ses_pcfh_tdil_z | ses_pcsx_tdil_z | ses_pctl_tdil_z | ses_prbv_tdil_z | ses_pctl_psn_z | ses_prbv_psn_z | ses_pr_roshd_tdil_z | shk_pd_m | shk_pd_j,جدول حرفه‌ای با گروه‌بندی فصل/دفترچه، جمع‌های sticky، فیلتر، و ویرایش inline محدود
list_tdnv_acti_psn,پیشنهاد / پیمان,ثبت پیشنهاد، ضرایب پیمان و اقلام پیمان,15,15,0,0,5,ردیف | فعالیت | کدفهرست | * | شرح مختصر | شرح کامل | واحد | بهای واحد | مقدار برآوردی | مبلغ برآوردی | بها واحد پیشنهادی | مبلغ پیشنهادی,bgm_rad | bgm_coac | bgm_cofh | fbh_astr_str | fbh_abst | fbh_desc | fbh_unit | fbh_pcun | bgm_quan | bgm_pcal | fbh_pcun_psn | bgm_pcal_psn,جدول حرفه‌ای با گروه‌بندی فصل/دفترچه، جمع‌های sticky، فیلتر، و ویرایش inline محدود
list_tdnv_nozr_psn,پیشنهاد / پیمان,ثبت پیشنهاد، ضرایب پیمان و اقلام پیمان,11,11,0,2,5,فصل | عنوان فصل | فهرست بها | ستاره دار | جمع برآوردی | %وزنی | پیشنهادی - تعدیل | %وزنی | %رشد | شاخص مبنا | شاخص جاری,mlt_nuse_nusu | mlt_name | ses_pcfh | ses_pcsx | ses_pctl | ses_prbv | ses_pctl_tdil_psn | ses_prbv_psn | ses_pr_roshd_tdil_psn | shk_pd_m | shk_pd_j,جدول حرفه‌ای با گروه‌بندی فصل/دفترچه، جمع‌های sticky، فیلتر، و ویرایش inline محدود
list_tdnv_psn,پیشنهاد / پیمان,ثبت پیشنهاد، ضرایب پیمان و اقلام پیمان,14,14,0,0,5,ردیف | کدفهرست | * | شرح مختصر | شرح کامل | واحد | بهای واحد | مقدار برآوردی | مبلغ برآوردی | بها واحد پیشنهادی | مبلغ پیشنهادی | پیشنهادی - تعدیل,bgm_rad | bgm_cofh | fbh_astr_str | fbh_abst | fbh_desc | fbh_unit | fbh_pcun | bgm_quan | bgm_pcal | fbh_pcun_psn | bgm_pcal_psn | bgm_pcal_psn_tdil_inv_exp,جدول حرفه‌ای با گروه‌بندی فصل/دفترچه، جمع‌های sticky، فیلتر، و ویرایش inline محدود
list_tdnv_zrib_psn,پیشنهاد / پیمان,ثبت پیشنهاد، ضرایب پیمان و اقلام پیمان,11,11,0,2,5,فصل | عنوان فصل | فهرست بها | ستاره دار | جمع برآوردی | %وزنی | پیشنهادی - تعدیل | %وزنی | %رشد | شاخص مبنا | شاخص جاری,mlt_nuse_nusu | mlt_name | ses_pcfh_z | ses_pcsx_z | ses_pctl_z | ses_prbv_z | ses_pctl_tdil_psn_z | ses_prbv_psn_z | ses_pr_roshd_tdil_psn_z | shk_pd_m | shk_pd_j,جدول حرفه‌ای با گروه‌بندی فصل/دفترچه، جمع‌های sticky، فیلتر، و ویرایش inline محدود
list_zrib_psn,پیشنهاد / پیمان,ثبت پیشنهاد، ضرایب پیمان و اقلام پیمان,10,10,0,0,3,ردیف | فصل | عنوان فصل | فهرست بها | ستاره دار | جمع برآوردی | %وزنی | جمع پیشنهادی | %وزنی | %رشد,mlt_rad | mlt_nuse | mlt_name | ses_pcfh_z | ses_pcsx_z | ses_pctl_z | ses_prbv_z | ses_pctl_psn_z | ses_prbv_psn_z | ses_pr_roshd_z,جدول حرفه‌ای با گروه‌بندی فصل/دفترچه، جمع‌های sticky، فیلتر، و ویرایش inline محدود
note_tdnr_nozr_psn,پیشنهاد / پیمان,ثبت پیشنهاد، ضرایب پیمان و اقلام پیمان,10,10,0,0,3,عنوان دفترچه | فهرست بها + تعدیل | ستاره دار + تعدیل | تجهیزبرآوردباضرایب | جمع برآوردی کل + تعدیل | تجهیزپیشنهادباضرایب | جمع پیشنهادی کل | %رشد | شاخص مبنا | شاخص جاری,fhp_abst | fhp_mbfh_tdil | fhp_mbsx_tdil | fhp_mbtj | fhp_mb_totl_tdil | fhp_mbtj_psn | fhp_mb_totl_psn | fhp_roshd_tdil | shk_pd_m | shk_pd_j,جدول حرفه‌ای با گروه‌بندی فصل/دفترچه، جمع‌های sticky، فیلتر، و ویرایش inline محدود
note_tdnr_zrib_psn,پیشنهاد / پیمان,ثبت پیشنهاد، ضرایب پیمان و اقلام پیمان,10,10,0,0,3,عنوان دفترچه | فهرست بها + تعدیل | ستاره دار + تعدیل | تجهیز برآوردی | جمع برآوردی کل + تعدیل | تجهیز پیشنهادی | جمع پیشنهادی کل | %رشد | شاخص مبنا | شاخص جاری,fhp_abst | fhp_mbfh_tdil_z | fhp_mbsx_tdil_z | fhp_mbtj | fhp_mb_totl_tdil_z | fhp_mbtj_psn | fhp_mb_totl_psn_z | fhp_roshd_tdil_z | shk_pd_m | shk_pd_j,جدول حرفه‌ای با گروه‌بندی فصل/دفترچه، جمع‌های sticky، فیلتر، و ویرایش inline محدود
nozooli_acti_psn,پیشنهاد / پیمان,ثبت پیشنهاد، ضرایب پیمان و اقلام پیمان,10,10,0,0,4,فهرست بهای رشته | عنوان فصل | فعالیت | 80 | شماره | * | شرح ردیف | + | بهای کل ردیف | بهای کل پیشنهادی,fhp_abst | mlt_name_and_nuse | bgm_coac | bgm_swf2 | bgm_cofh | fbh_astr_str | fbh_desc | bgm_pcaf_dscr | bgm_pcaf | bgm_pcaf_psn,جدول حرفه‌ای با گروه‌بندی فصل/دفترچه، جمع‌های sticky، فیلتر، و ویرایش inline محدود
nozooli_psn,پیشنهاد / پیمان,ثبت پیشنهاد، ضرایب پیمان و اقلام پیمان,9,9,0,0,4,فهرست بهای رشته | عنوان فصل | 80 | شماره | * | شرح ردیف | + | بهای کل ردیف | بهای کل پیشنهادی,fhp_abst | mlt_name_and_nuse | bgm_swf2 | bgm_cofh | fbh_astr_str | fbh_desc | bgm_pcaf_dscr | bgm_pcaf | bgm_pcaf_psn,جدول حرفه‌ای با گروه‌بندی فصل/دفترچه، جمع‌های sticky، فیلتر، و ویرایش inline محدود
percent65_acti_psn,پیشنهاد / پیمان,ثبت پیشنهاد، ضرایب پیمان و اقلام پیمان,12,12,0,0,7,عنوان فصل | فعالیت | شماره | * | شرح ردیف | واحد | بهای واحد | مقدار | بهای کل ردیف | %ازکل | بهای واحد پیشنهادی | بهای کل پیشنهادی,mlt_name_and_nuse | bgm_coac | bgm_cofh | fbh_astr_str | fbh_desc | fbh_unit | bgm_pcuf | bgm_quan | bgm_pcaf | bgm_przf | bgm_pcuf_psn | bgm_pcaf_psn,جدول حرفه‌ای با گروه‌بندی فصل/دفترچه، جمع‌های sticky، فیلتر، و ویرایش inline محدود
percent65_psn,پیشنهاد / پیمان,ثبت پیشنهاد، ضرایب پیمان و اقلام پیمان,11,11,0,0,7,فصل | شماره | * | شرح ردیف | واحد | بهای واحد | مقدار | بهای کل ردیف | %ازکل | بهای واحد پیشنهادی | بهای کل پیشنهادی,mlt_name_and_nuse | bgm_cofh | fbh_astr_str | fbh_desc | fbh_unit | bgm_pcuf | bgm_quan | bgm_pcaf | bgm_przf | bgm_pcuf_psn | bgm_pcaf_psn,جدول حرفه‌ای با گروه‌بندی فصل/دفترچه، جمع‌های sticky، فیلتر، و ویرایش inline محدود
v4951_psn,پیشنهاد / پیمان,ثبت پیشنهاد، ضرایب پیمان و اقلام پیمان,11,11,0,0,2,ردیف | فصل | عنوان فصل | برآوردفصل(پایه) | برآوردفصل(غیرپایه) | جمع برآوردی فصل | %وزنی | تعداد | ؟آنالیز | پیشنهادی پیمانکار | %رشد,mlt_rad | mlt_nuse | mlt_name | ses_49fh | ses_49as | ses_49tl | ses_pr49 | ses_nura | ses_nuan | ses_49tl_psn | ses_roshd49,جدول حرفه‌ای با گروه‌بندی فصل/دفترچه، جمع‌های sticky، فیلتر، و ویرایش inline محدود
zrpy_psn_astr,پیشنهاد / پیمان,ثبت پیشنهاد، ضرایب پیمان و اقلام پیمان,15,14,1,2,0,ردیف | فصل پایه | فصل | شرح فصل | تعداد زیرفصل | حاصلضرایب,mlt_rad | mlt_Prnuse | mlt_nuse | mlt_name | mlt_SubCount | mlt_sumz_s_psn | mlt_oth3_s_psn | mlt_oth2_s_psn | mlt_oth1_s_psn | mlt_ovhd_s_psn | mlt_tatb_s_psn | mlt_hard_s_psn,جدول حرفه‌ای با گروه‌بندی فصل/دفترچه، جمع‌های sticky، فیلتر، و ویرایش inline محدود
zrpy_psn_fact,پیشنهاد / پیمان,ثبت پیشنهاد، ضرایب پیمان و اقلام پیمان,15,14,1,2,0,ردیف | فصل پایه | فصل | شرح فصل | تعداد زیرفصل | حاصلضرایب,mlt_rad | mlt_Prnuse | mlt_nuse | mlt_name | mlt_SubCount | mlt_sumz_fc_psn | mlt_oth3_fc_psn | mlt_oth2_fc_psn | mlt_oth1_fc_psn | mlt_ovhd_fc_psn | mlt_tatb_fc_psn | mlt_hard_fc_psn,جدول حرفه‌ای با گروه‌بندی فصل/دفترچه، جمع‌های sticky، فیلتر، و ویرایش inline محدود
zrpy_psn_norm,پیشنهاد / پیمان,ثبت پیشنهاد، ضرایب پیمان و اقلام پیمان,15,14,1,2,0,ردیف | فصل پایه | فصل | شرح فصل | تعداد زیرفصل | حاصلضرایب,mlt_rad | mlt_Prnuse | mlt_nuse | mlt_name | mlt_SubCount | mlt_sumz_psn | mlt_oth3_psn | mlt_oth2_psn | mlt_oth1_psn | mlt_ovhd_psn | mlt_tatb_psn | mlt_hard_psn,جدول حرفه‌ای با گروه‌بندی فصل/دفترچه، جمع‌های sticky، فیلتر، و ویرایش inline محدود
