candidate_name,hits
base_fhbh,514
base_fsbs,201
base_book,159
taksa_temp,110
faragamara_date.dbo,71
viwbase92,68
base_sorc,67
dtproperties,66
viwbase88,65
base_nmmhb,59
base_shrs,56
base_shfs,52
svz_importer,47
base_unit_raw,45
brv_fhbh,43
sysdiagrams,42
psn_importer,41
viwBase99,41
base_shkl,39
brv_sorc_all,38
base_sorc_list,38
viwBase1403,36
brv_fhpy,34
brv_bgml,32
brv_Contract,32
brv_sorc,31
deleted,30
brv_contract,29
DELETED,29
viwBase1400,28
viwBase1404,28
base_ader,26
base_hmbs,26
brv_importer,25
dly_contract,25
dt_getpropertiesbyid_vcs,24
brv_mogs,23
viwBase98,22
Base_ShakhesYerSeMahe,22
dly_sv,21
base_dstb,21
base_grop,21
smn_contract,21
smn_Hgzm_Month,20
val,20
brv_khmt,18
brv_rzmt,17
viwBase1401,17
pek_ztadil,16
dly_svz,15
base_year,15
sp_OAMethod,15
brv_nmmhb,13
brv_mult,13
brv_grop,12
base_grop_raw,12
base_tatbigh,12
base_acts_items,12
brv_intp,12
Compare_Text_for_Base,12
brv_Users,11
dt_displayoaerror,11
base_fosi,11
brv_situ,10
brv_type,10
table_list,10
base_book_list,10
CASCADE,10
brv_ader,9
nusv_type,9
dly_vzt,9
smn_Hgzm_Days,8
sp_OACreate,8
base_pvst,8
brv_ahta,8
base_unit,7
smn_Hgzm_Nezarat,7
dt_setpropertybyid,7
brv_hmbs,7
brv_hmpy,7
brv_hmpy_rzmt,7
base_zrlc,7
column_list,6
base_grop_name,6
base_acts_unit,6
edit_list,6
brv_OpenProjects,6
brv_fspy,6
fhbh,6
brv_dstn_main,6
brv_dstn_main_rzmt,6
brv_dstn_fromto,6
brv_dstn_fromto_rzmt,6
base_mola_haml,6
Pek_intp,6
tbl_words,5
brv_acts,5
brv_messages,5
smn_nzs_AddItems,5
brv_Access,5
brv_access,5
inserted,4
Correct,4
viwbase87,4
Acc_Users,4
fbh_new,4
smn_Hgzm_Year,4
pek_dis_distance,4
brv_kosorat,4
brv_zrtb,4
brv_tonl,4
brv_documents,4
brv_ovhd,4
brv_ovpr,4
brv_ovtj,4
brv_TadilKosorat,4
smn_Version_Type,4
childs,4
brv_fhpy_Acts,4
brv_mult_acts,4
brv_dstb,4
brv_tatbigh,4
sp_OAGetProperty,4
brv_Template,4
base_fs,4
base_mola_year,4
smn_Tender_Main,4
smn_Tender_FieldPrice,4
smn_Hgzm_Gathering_Price,4
Pek_Msr_Rabet_Peyman,4
Pek_Msr_Seri_Degree,4
sp_creatediagram,4
CofhCursor,4
atm_detail_fhbh_project,4
atm_detail_fhbh,4
INFORMATION_SCHEMA.KEY_COLUMN_USAGE,4
tblLog,3
dt_checkinobject,3
dt_checkoutobject,3
dt_isundersourcecontrol,3
dt_validateloginparams,3
dt_whocheckedout,3
dt_generateansiname,3
base_acts,3
brv_type_situ,3
sp_upgraddiagrams,3
dbo,3
sp_alterdiagram,3
sp_dropdiagram,3
viwBase_Added,3
brv_sorc_acts,3
viwBaseDifference92From88,3
syscomments,3
BaseBarcode,3
tbl_letters,3
Pek_Msr_Seri,3
Pek_Msr_List,3
sp_helpdiagrams,3
sp_helpdiagramdefinition,3
sp_renamediagram,3
brv_mult_sub,3
pek_reports,2
nusv_type_nufh_list,2
dt_addtosourcecontrol,2
dt_checkinobject_u,2
dt_checkoutobject_u,2
dt_isundersourcecontrol_u,2
dt_validateloginparams_u,2
dt_whocheckedout_u,2
Acc_OpenProjects,2
svz_importer.INFORMATION_SCHEMA,2
svz_importer.information_schema,2
t_c,2
set_user_state_peik,2
Pek_Users,2
INFORMATION_SCHEMA.tables,2
compare_projects_fhpy,2
brv_importer.INFORMATION_SCHEMA,2
smn_access,2
Access_Cursor,2
sysdiagram_properties,2
dt_displayoaerror_u,2
ader,2
bkal,2
dstb,2
grop,2
hmbs,2
nmmhb,2
pyfs,2
shkh1,2
shkh2,2
shkh3,2
sorc_sc,2
sorc_sn,2
tatb,2
zrlc,2
fsbs,2
fsbz,2
unit,2
dt_adduserobject,2
viwBase85,2
bhz_Contract,2
dds,2
viwBase_Deleted,2
sysprocesses,2
master.dbo,2
dt_adduserobject_vcs,2
V_Ana,2
new_src_record,2
dt_droppropertiesbyid,2
atm_Detail_Parts,2
GetStuBarcode,2
psn_importer.INFORMATION_SCHEMA,2
smn_Base_Days,2
smn_Survey_Tariff,2
smn_Survey_Tariff_Base,2
smn_Hgzm_Nailing_Price,2
smn_Hgzm_Road_Price,2
smn_Hgzm_Salary,2
smn_Tunnel_PriceFac,2
smn_Tunnel_PriceFac_Base,2
Pek_nash,2
Pek_Ostan,2
TableCursor,2
viewbgml,2
viwBase_Deleted92From88,2
fn_diagramobjects,2
tbl_id,2
grop_list,2
base_tyun,2
Base_ItemType,2
Base_Months,2
base_IntpVaziat,2
Base_SeMahe,2
base_ShakhesType,2
base_TajhzType,2
base_NoteGroup,2
base_PersonalityTyp,2
base_ZrLc,2
atm_contract,2
base_acts_type,2
base_DocFanni,2
base_Style_Title,2
base_Style_List,2
BaseSituNoe,2
base_mola_Year,2
base_pakati,2
base_pvst_fosi,2
base_zrtj,2
brv_color,2
Reports,2
Report_Frames,2
brv_Tree_Report,2
TblCtrl,2
brv_Forms,2
brv_HelpFilm,2
brv_MessageType,2
brv_SetSms,2
brv_special_type,2
brv_Tender_AlfaFactor,2
brv_Tender_Import,2
brv_Tender_ImportFactors_Base,2
brv_Tender_Stages,2
brv_Tender_TendererCount,2
pek_dis_state,2
pek_dis_zone,2
pek_dis_point,2
INFORMATION_SCHEMA.REFERENTIAL_CONSTRAINTS,2
fk_list,2
col_list,2
viwbase95,1
viwbase93,1
dt_addtosourcecontrol_u,1
vwNezarat,1
brv_ovma,1
set_user_state_asnad,1
smn_Users,1
smn_Access,1
smn_Template,1
smn_Role,1
set_user_state_bhz,1
bhz_Users,1
INFORMATION_SCHEMA.TABLES,1
base_conc,1
dt_getpropertiesbyid_vcs_u,1
dt_setpropertybyid_u,1
viwSooratVaziat,1
viwTakhirat,1
viwBase86,1
dt_getobjwithprop,1
dt_getpropertiesbyid,1
dt_getobjwithprop_u,1
dt_getpropertiesbyid_u,1
the,1
dt_dropuserobjectbyid,1
sp_OAGetErrorInfo,1
viwBase_Added92From88,1
V_Shakhes3,1
viwBase_SamePrice92From88,1
V_Shakhes4,1
dt_removefromsourcecontrol,1
V_ShakhesReshte2,1
Smn_Survey_Category,1
smn_Survey_Units,1
V_ShakhesReshte3,1
BASE_SHKL,1
BASE_SHRS,1
BASE_SHFS,1
dt_vcsenabled,1
V_ShakhesReshte4,1
viwTadil,1
shrs,1
shfs,1
viwBase97,1
shkl,1
Pek_List,1
dt_verstamp006,1
viwBase_Difference,1
brv_role,1
dt_verstamp007,1
viwBase_SamePrice,1
information_schema.tables,1
V_ShakhesReshte1,1
V_Shakhes2,1
get_new_id,1
brv_book,1
brv_m,1
Reports_Tip,1
tbl_Version,1
viwTatbigh_Paykar,1
brv_elhagh,1
brv_report_history,1
brv_takhir_svz,1
brv_Packages,1
