name,hits,module
base_fhbh,514,base / فهرست‌بها و اطلاعات پایه
base_fsbs,201,base / فهرست‌بها و اطلاعات پایه
base_book,159,base / فهرست‌بها و اطلاعات پایه
taksa_temp,110,unknown / نیازمند بررسی
faragamara_date.dbo,71,unknown / نیازمند بررسی
viwbase92,68,view / ویوهای محاسباتی و گزارش‌گیری
base_sorc,67,base / فهرست‌بها و اطلاعات پایه
dtproperties,66,system / آبجکت‌های سیستمی SQL Server
viwbase88,65,view / ویوهای محاسباتی و گزارش‌گیری
base_nmmhb,59,base / فهرست‌بها و اطلاعات پایه
base_shrs,56,base / فهرست‌بها و اطلاعات پایه
base_shfs,52,base / فهرست‌بها و اطلاعات پایه
svz_importer,47,svz / صورت‌وضعیت یا ایمپورت آن
base_unit_raw,45,base / فهرست‌بها و اطلاعات پایه
brv_fhbh,43,brv / برآورد، قرارداد، ریزمتره، منابع
sysdiagrams,42,system / آبجکت‌های سیستمی SQL Server
psn_importer,41,psn / پیشنهادی/پرسنلی/ایمپورت مرتبط
viwBase99,41,view / ویوهای محاسباتی و گزارش‌گیری
base_shkl,39,base / فهرست‌بها و اطلاعات پایه
brv_sorc_all,38,brv / برآورد، قرارداد، ریزمتره، منابع
base_sorc_list,38,base / فهرست‌بها و اطلاعات پایه
viwBase1403,36,view / ویوهای محاسباتی و گزارش‌گیری
brv_fhpy,34,brv / برآورد، قرارداد، ریزمتره، منابع
brv_bgml,32,brv / برآورد، قرارداد، ریزمتره، منابع
brv_Contract,32,brv / برآورد، قرارداد، ریزمتره، منابع
brv_sorc,31,brv / برآورد، قرارداد، ریزمتره، منابع
deleted,30,unknown / نیازمند بررسی
brv_contract,29,brv / برآورد، قرارداد، ریزمتره، منابع
DELETED,29,unknown / نیازمند بررسی
viwBase1400,28,view / ویوهای محاسباتی و گزارش‌گیری
viwBase1404,28,view / ویوهای محاسباتی و گزارش‌گیری
base_ader,26,base / فهرست‌بها و اطلاعات پایه
base_hmbs,26,base / فهرست‌بها و اطلاعات پایه
brv_importer,25,brv / برآورد، قرارداد، ریزمتره، منابع
dly_contract,25,dly / تأخیرات و وضعیت‌های روزانه
dt_getpropertiesbyid_vcs,24,system / آبجکت‌های سیستمی SQL Server
brv_mogs,23,brv / برآورد، قرارداد، ریزمتره، منابع
viwBase98,22,view / ویوهای محاسباتی و گزارش‌گیری
Base_ShakhesYerSeMahe,22,base / فهرست‌بها و اطلاعات پایه
dly_sv,21,dly / تأخیرات و وضعیت‌های روزانه
base_dstb,21,base / فهرست‌بها و اطلاعات پایه
base_grop,21,base / فهرست‌بها و اطلاعات پایه
smn_contract,21,smn / صورت‌وضعیت، نظارت، ماهانه
smn_Hgzm_Month,20,smn / صورت‌وضعیت، نظارت، ماهانه
val,20,unknown / نیازمند بررسی
brv_khmt,18,brv / برآورد، قرارداد، ریزمتره، منابع
brv_rzmt,17,brv / برآورد، قرارداد، ریزمتره، منابع
viwBase1401,17,view / ویوهای محاسباتی و گزارش‌گیری
pek_ztadil,16,peik / گزارش‌ها و درخت گزارش
dly_svz,15,dly / تأخیرات و وضعیت‌های روزانه
base_year,15,base / فهرست‌بها و اطلاعات پایه
sp_OAMethod,15,unknown / نیازمند بررسی
brv_nmmhb,13,brv / برآورد، قرارداد، ریزمتره، منابع
brv_mult,13,brv / برآورد، قرارداد، ریزمتره، منابع
brv_grop,12,brv / برآورد، قرارداد، ریزمتره، منابع
base_grop_raw,12,base / فهرست‌بها و اطلاعات پایه
base_tatbigh,12,base / فهرست‌بها و اطلاعات پایه
base_acts_items,12,base / فهرست‌بها و اطلاعات پایه
brv_intp,12,brv / برآورد، قرارداد، ریزمتره، منابع
Compare_Text_for_Base,12,unknown / نیازمند بررسی
brv_Users,11,brv / برآورد، قرارداد، ریزمتره، منابع
dt_displayoaerror,11,system / آبجکت‌های سیستمی SQL Server
base_fosi,11,base / فهرست‌بها و اطلاعات پایه
brv_situ,10,brv / برآورد، قرارداد، ریزمتره، منابع
brv_type,10,brv / برآورد، قرارداد، ریزمتره، منابع
table_list,10,unknown / نیازمند بررسی
base_book_list,10,base / فهرست‌بها و اطلاعات پایه
CASCADE,10,unknown / نیازمند بررسی
brv_ader,9,brv / برآورد، قرارداد، ریزمتره، منابع
nusv_type,9,unknown / نیازمند بررسی
dly_vzt,9,dly / تأخیرات و وضعیت‌های روزانه
smn_Hgzm_Days,8,smn / صورت‌وضعیت، نظارت، ماهانه
sp_OACreate,8,unknown / نیازمند بررسی
base_pvst,8,base / فهرست‌بها و اطلاعات پایه
brv_ahta,8,brv / برآورد، قرارداد، ریزمتره، منابع
base_unit,7,base / فهرست‌بها و اطلاعات پایه
smn_Hgzm_Nezarat,7,smn / صورت‌وضعیت، نظارت، ماهانه
dt_setpropertybyid,7,system / آبجکت‌های سیستمی SQL Server
brv_hmbs,7,brv / برآورد، قرارداد، ریزمتره، منابع
brv_hmpy,7,brv / برآورد، قرارداد، ریزمتره، منابع
brv_hmpy_rzmt,7,brv / برآورد، قرارداد، ریزمتره، منابع
base_zrlc,7,base / فهرست‌بها و اطلاعات پایه
column_list,6,unknown / نیازمند بررسی
base_grop_name,6,base / فهرست‌بها و اطلاعات پایه
base_acts_unit,6,base / فهرست‌بها و اطلاعات پایه
edit_list,6,unknown / نیازمند بررسی
brv_OpenProjects,6,brv / برآورد، قرارداد، ریزمتره، منابع
brv_fspy,6,brv / برآورد، قرارداد، ریزمتره، منابع
fhbh,6,unknown / نیازمند بررسی
brv_dstn_main,6,brv / برآورد، قرارداد، ریزمتره، منابع
brv_dstn_main_rzmt,6,brv / برآورد، قرارداد، ریزمتره، منابع
brv_dstn_fromto,6,brv / برآورد، قرارداد، ریزمتره، منابع
brv_dstn_fromto_rzmt,6,brv / برآورد، قرارداد، ریزمتره، منابع
base_mola_haml,6,base / فهرست‌بها و اطلاعات پایه
Pek_intp,6,peik / گزارش‌ها و درخت گزارش
tbl_words,5,unknown / نیازمند بررسی
brv_acts,5,brv / برآورد، قرارداد، ریزمتره، منابع
brv_messages,5,brv / برآورد، قرارداد، ریزمتره، منابع
smn_nzs_AddItems,5,smn / صورت‌وضعیت، نظارت، ماهانه
brv_Access,5,brv / برآورد، قرارداد، ریزمتره، منابع
brv_access,5,brv / برآورد، قرارداد، ریزمتره، منابع
inserted,4,unknown / نیازمند بررسی
Correct,4,unknown / نیازمند بررسی
viwbase87,4,view / ویوهای محاسباتی و گزارش‌گیری
Acc_Users,4,unknown / نیازمند بررسی
fbh_new,4,unknown / نیازمند بررسی
smn_Hgzm_Year,4,smn / صورت‌وضعیت، نظارت، ماهانه
pek_dis_distance,4,peik / گزارش‌ها و درخت گزارش
brv_kosorat,4,brv / برآورد، قرارداد، ریزمتره، منابع
brv_zrtb,4,brv / برآورد، قرارداد، ریزمتره، منابع
brv_tonl,4,brv / برآورد، قرارداد، ریزمتره، منابع
brv_documents,4,brv / برآورد، قرارداد، ریزمتره، منابع
brv_ovhd,4,brv / برآورد، قرارداد، ریزمتره، منابع
brv_ovpr,4,brv / برآورد، قرارداد، ریزمتره، منابع
brv_ovtj,4,brv / برآورد، قرارداد، ریزمتره، منابع
brv_TadilKosorat,4,brv / برآورد، قرارداد، ریزمتره، منابع
smn_Version_Type,4,smn / صورت‌وضعیت، نظارت، ماهانه
childs,4,unknown / نیازمند بررسی
brv_fhpy_Acts,4,brv / برآورد، قرارداد، ریزمتره، منابع
brv_mult_acts,4,brv / برآورد، قرارداد، ریزمتره، منابع
brv_dstb,4,brv / برآورد، قرارداد، ریزمتره، منابع
brv_tatbigh,4,brv / برآورد، قرارداد، ریزمتره، منابع
sp_OAGetProperty,4,unknown / نیازمند بررسی
brv_Template,4,brv / برآورد، قرارداد، ریزمتره، منابع
base_fs,4,base / فهرست‌بها و اطلاعات پایه
base_mola_year,4,base / فهرست‌بها و اطلاعات پایه
smn_Tender_Main,4,smn / صورت‌وضعیت، نظارت، ماهانه
smn_Tender_FieldPrice,4,smn / صورت‌وضعیت، نظارت، ماهانه
smn_Hgzm_Gathering_Price,4,smn / صورت‌وضعیت، نظارت، ماهانه
Pek_Msr_Rabet_Peyman,4,peik / گزارش‌ها و درخت گزارش
Pek_Msr_Seri_Degree,4,peik / گزارش‌ها و درخت گزارش
sp_creatediagram,4,unknown / نیازمند بررسی
CofhCursor,4,unknown / نیازمند بررسی
atm_detail_fhbh_project,4,unknown / نیازمند بررسی
atm_detail_fhbh,4,unknown / نیازمند بررسی
INFORMATION_SCHEMA.KEY_COLUMN_USAGE,4,unknown / نیازمند بررسی
tblLog,3,unknown / نیازمند بررسی
dt_checkinobject,3,system / آبجکت‌های سیستمی SQL Server
dt_checkoutobject,3,system / آبجکت‌های سیستمی SQL Server
dt_isundersourcecontrol,3,system / آبجکت‌های سیستمی SQL Server
dt_validateloginparams,3,system / آبجکت‌های سیستمی SQL Server
dt_whocheckedout,3,system / آبجکت‌های سیستمی SQL Server
dt_generateansiname,3,system / آبجکت‌های سیستمی SQL Server
base_acts,3,base / فهرست‌بها و اطلاعات پایه
brv_type_situ,3,brv / برآورد، قرارداد، ریزمتره، منابع
sp_upgraddiagrams,3,unknown / نیازمند بررسی
dbo,3,unknown / نیازمند بررسی
sp_alterdiagram,3,unknown / نیازمند بررسی
sp_dropdiagram,3,unknown / نیازمند بررسی
viwBase_Added,3,view / ویوهای محاسباتی و گزارش‌گیری
brv_sorc_acts,3,brv / برآورد، قرارداد، ریزمتره، منابع
viwBaseDifference92From88,3,view / ویوهای محاسباتی و گزارش‌گیری
syscomments,3,system / آبجکت‌های سیستمی SQL Server
BaseBarcode,3,unknown / نیازمند بررسی
tbl_letters,3,unknown / نیازمند بررسی
Pek_Msr_Seri,3,peik / گزارش‌ها و درخت گزارش
Pek_Msr_List,3,peik / گزارش‌ها و درخت گزارش
sp_helpdiagrams,3,unknown / نیازمند بررسی
sp_helpdiagramdefinition,3,unknown / نیازمند بررسی
sp_renamediagram,3,unknown / نیازمند بررسی
brv_mult_sub,3,brv / برآورد، قرارداد، ریزمتره، منابع
pek_reports,2,peik / گزارش‌ها و درخت گزارش
nusv_type_nufh_list,2,unknown / نیازمند بررسی
dt_addtosourcecontrol,2,system / آبجکت‌های سیستمی SQL Server
dt_checkinobject_u,2,system / آبجکت‌های سیستمی SQL Server
dt_checkoutobject_u,2,system / آبجکت‌های سیستمی SQL Server
dt_isundersourcecontrol_u,2,system / آبجکت‌های سیستمی SQL Server
dt_validateloginparams_u,2,system / آبجکت‌های سیستمی SQL Server
dt_whocheckedout_u,2,system / آبجکت‌های سیستمی SQL Server
Acc_OpenProjects,2,unknown / نیازمند بررسی
svz_importer.INFORMATION_SCHEMA,2,svz / صورت‌وضعیت یا ایمپورت آن
svz_importer.information_schema,2,svz / صورت‌وضعیت یا ایمپورت آن
t_c,2,unknown / نیازمند بررسی
set_user_state_peik,2,unknown / نیازمند بررسی
Pek_Users,2,peik / گزارش‌ها و درخت گزارش
INFORMATION_SCHEMA.tables,2,unknown / نیازمند بررسی
compare_projects_fhpy,2,unknown / نیازمند بررسی
brv_importer.INFORMATION_SCHEMA,2,brv / برآورد، قرارداد، ریزمتره، منابع
smn_access,2,smn / صورت‌وضعیت، نظارت، ماهانه
Access_Cursor,2,unknown / نیازمند بررسی
sysdiagram_properties,2,system / آبجکت‌های سیستمی SQL Server
dt_displayoaerror_u,2,system / آبجکت‌های سیستمی SQL Server
ader,2,unknown / نیازمند بررسی
bkal,2,unknown / نیازمند بررسی
dstb,2,unknown / نیازمند بررسی
grop,2,unknown / نیازمند بررسی
hmbs,2,unknown / نیازمند بررسی
nmmhb,2,unknown / نیازمند بررسی
pyfs,2,unknown / نیازمند بررسی
shkh1,2,unknown / نیازمند بررسی
shkh2,2,unknown / نیازمند بررسی
shkh3,2,unknown / نیازمند بررسی
sorc_sc,2,unknown / نیازمند بررسی
sorc_sn,2,unknown / نیازمند بررسی
tatb,2,unknown / نیازمند بررسی
zrlc,2,unknown / نیازمند بررسی
fsbs,2,unknown / نیازمند بررسی
fsbz,2,unknown / نیازمند بررسی
unit,2,unknown / نیازمند بررسی
dt_adduserobject,2,system / آبجکت‌های سیستمی SQL Server
viwBase85,2,view / ویوهای محاسباتی و گزارش‌گیری
bhz_Contract,2,bhz / بخش بهای زیاد یا ماژول خاص
dds,2,unknown / نیازمند بررسی
viwBase_Deleted,2,view / ویوهای محاسباتی و گزارش‌گیری
sysprocesses,2,system / آبجکت‌های سیستمی SQL Server
master.dbo,2,unknown / نیازمند بررسی
dt_adduserobject_vcs,2,system / آبجکت‌های سیستمی SQL Server
V_Ana,2,view / ویوهای محاسباتی و گزارش‌گیری
new_src_record,2,unknown / نیازمند بررسی
dt_droppropertiesbyid,2,system / آبجکت‌های سیستمی SQL Server
atm_Detail_Parts,2,unknown / نیازمند بررسی
GetStuBarcode,2,unknown / نیازمند بررسی
psn_importer.INFORMATION_SCHEMA,2,psn / پیشنهادی/پرسنلی/ایمپورت مرتبط
smn_Base_Days,2,smn / صورت‌وضعیت، نظارت، ماهانه
smn_Survey_Tariff,2,smn / صورت‌وضعیت، نظارت، ماهانه
smn_Survey_Tariff_Base,2,smn / صورت‌وضعیت، نظارت، ماهانه
smn_Hgzm_Nailing_Price,2,smn / صورت‌وضعیت، نظارت، ماهانه
smn_Hgzm_Road_Price,2,smn / صورت‌وضعیت، نظارت، ماهانه
smn_Hgzm_Salary,2,smn / صورت‌وضعیت، نظارت، ماهانه
smn_Tunnel_PriceFac,2,smn / صورت‌وضعیت، نظارت، ماهانه
smn_Tunnel_PriceFac_Base,2,smn / صورت‌وضعیت، نظارت، ماهانه
Pek_nash,2,peik / گزارش‌ها و درخت گزارش
Pek_Ostan,2,peik / گزارش‌ها و درخت گزارش
TableCursor,2,unknown / نیازمند بررسی
viewbgml,2,unknown / نیازمند بررسی
viwBase_Deleted92From88,2,view / ویوهای محاسباتی و گزارش‌گیری
fn_diagramobjects,2,unknown / نیازمند بررسی
tbl_id,2,unknown / نیازمند بررسی
grop_list,2,unknown / نیازمند بررسی
base_tyun,2,base / فهرست‌بها و اطلاعات پایه
Base_ItemType,2,base / فهرست‌بها و اطلاعات پایه
Base_Months,2,base / فهرست‌بها و اطلاعات پایه
base_IntpVaziat,2,base / فهرست‌بها و اطلاعات پایه
Base_SeMahe,2,base / فهرست‌بها و اطلاعات پایه
base_ShakhesType,2,base / فهرست‌بها و اطلاعات پایه
base_TajhzType,2,base / فهرست‌بها و اطلاعات پایه
base_NoteGroup,2,base / فهرست‌بها و اطلاعات پایه
base_PersonalityTyp,2,base / فهرست‌بها و اطلاعات پایه
base_ZrLc,2,base / فهرست‌بها و اطلاعات پایه
atm_contract,2,unknown / نیازمند بررسی
base_acts_type,2,base / فهرست‌بها و اطلاعات پایه
base_DocFanni,2,base / فهرست‌بها و اطلاعات پایه
base_Style_Title,2,base / فهرست‌بها و اطلاعات پایه
base_Style_List,2,base / فهرست‌بها و اطلاعات پایه
BaseSituNoe,2,unknown / نیازمند بررسی
base_mola_Year,2,base / فهرست‌بها و اطلاعات پایه
base_pakati,2,base / فهرست‌بها و اطلاعات پایه
base_pvst_fosi,2,base / فهرست‌بها و اطلاعات پایه
base_zrtj,2,base / فهرست‌بها و اطلاعات پایه
brv_color,2,brv / برآورد، قرارداد، ریزمتره، منابع
Reports,2,unknown / نیازمند بررسی
Report_Frames,2,unknown / نیازمند بررسی
brv_Tree_Report,2,brv / برآورد، قرارداد، ریزمتره، منابع
TblCtrl,2,unknown / نیازمند بررسی
brv_Forms,2,brv / برآورد، قرارداد، ریزمتره، منابع
brv_HelpFilm,2,brv / برآورد، قرارداد، ریزمتره، منابع
brv_MessageType,2,brv / برآورد، قرارداد، ریزمتره، منابع
brv_SetSms,2,brv / برآورد، قرارداد، ریزمتره، منابع
brv_special_type,2,brv / برآورد، قرارداد، ریزمتره، منابع
brv_Tender_AlfaFactor,2,brv / برآورد، قرارداد، ریزمتره، منابع
brv_Tender_Import,2,brv / برآورد، قرارداد، ریزمتره، منابع
brv_Tender_ImportFactors_Base,2,brv / برآورد، قرارداد، ریزمتره، منابع
brv_Tender_Stages,2,brv / برآورد، قرارداد، ریزمتره، منابع
brv_Tender_TendererCount,2,brv / برآورد، قرارداد، ریزمتره، منابع
pek_dis_state,2,peik / گزارش‌ها و درخت گزارش
pek_dis_zone,2,peik / گزارش‌ها و درخت گزارش
pek_dis_point,2,peik / گزارش‌ها و درخت گزارش
INFORMATION_SCHEMA.REFERENTIAL_CONSTRAINTS,2,unknown / نیازمند بررسی
fk_list,2,unknown / نیازمند بررسی
col_list,2,unknown / نیازمند بررسی
viwbase95,1,view / ویوهای محاسباتی و گزارش‌گیری
viwbase93,1,view / ویوهای محاسباتی و گزارش‌گیری
dt_addtosourcecontrol_u,1,system / آبجکت‌های سیستمی SQL Server
vwNezarat,1,view / ویوهای محاسباتی و گزارش‌گیری
brv_ovma,1,brv / برآورد، قرارداد، ریزمتره، منابع
set_user_state_asnad,1,unknown / نیازمند بررسی
smn_Users,1,smn / صورت‌وضعیت، نظارت، ماهانه
smn_Access,1,smn / صورت‌وضعیت، نظارت، ماهانه
smn_Template,1,smn / صورت‌وضعیت، نظارت، ماهانه
smn_Role,1,smn / صورت‌وضعیت، نظارت، ماهانه
set_user_state_bhz,1,unknown / نیازمند بررسی
bhz_Users,1,bhz / بخش بهای زیاد یا ماژول خاص
INFORMATION_SCHEMA.TABLES,1,unknown / نیازمند بررسی
base_conc,1,base / فهرست‌بها و اطلاعات پایه
dt_getpropertiesbyid_vcs_u,1,system / آبجکت‌های سیستمی SQL Server
dt_setpropertybyid_u,1,system / آبجکت‌های سیستمی SQL Server
viwSooratVaziat,1,view / ویوهای محاسباتی و گزارش‌گیری
viwTakhirat,1,view / ویوهای محاسباتی و گزارش‌گیری
viwBase86,1,view / ویوهای محاسباتی و گزارش‌گیری
dt_getobjwithprop,1,system / آبجکت‌های سیستمی SQL Server
dt_getpropertiesbyid,1,system / آبجکت‌های سیستمی SQL Server
dt_getobjwithprop_u,1,system / آبجکت‌های سیستمی SQL Server
dt_getpropertiesbyid_u,1,system / آبجکت‌های سیستمی SQL Server
the,1,unknown / نیازمند بررسی
dt_dropuserobjectbyid,1,system / آبجکت‌های سیستمی SQL Server
sp_OAGetErrorInfo,1,unknown / نیازمند بررسی
viwBase_Added92From88,1,view / ویوهای محاسباتی و گزارش‌گیری
V_Shakhes3,1,view / ویوهای محاسباتی و گزارش‌گیری
viwBase_SamePrice92From88,1,view / ویوهای محاسباتی و گزارش‌گیری
V_Shakhes4,1,view / ویوهای محاسباتی و گزارش‌گیری
dt_removefromsourcecontrol,1,system / آبجکت‌های سیستمی SQL Server
V_ShakhesReshte2,1,view / ویوهای محاسباتی و گزارش‌گیری
Smn_Survey_Category,1,smn / صورت‌وضعیت، نظارت، ماهانه
smn_Survey_Units,1,smn / صورت‌وضعیت، نظارت، ماهانه
V_ShakhesReshte3,1,view / ویوهای محاسباتی و گزارش‌گیری
BASE_SHKL,1,base / فهرست‌بها و اطلاعات پایه
BASE_SHRS,1,base / فهرست‌بها و اطلاعات پایه
BASE_SHFS,1,base / فهرست‌بها و اطلاعات پایه
dt_vcsenabled,1,system / آبجکت‌های سیستمی SQL Server
V_ShakhesReshte4,1,view / ویوهای محاسباتی و گزارش‌گیری
viwTadil,1,view / ویوهای محاسباتی و گزارش‌گیری
shrs,1,unknown / نیازمند بررسی
shfs,1,unknown / نیازمند بررسی
viwBase97,1,view / ویوهای محاسباتی و گزارش‌گیری
shkl,1,unknown / نیازمند بررسی
Pek_List,1,peik / گزارش‌ها و درخت گزارش
dt_verstamp006,1,system / آبجکت‌های سیستمی SQL Server
viwBase_Difference,1,view / ویوهای محاسباتی و گزارش‌گیری
brv_role,1,brv / برآورد، قرارداد، ریزمتره، منابع
dt_verstamp007,1,system / آبجکت‌های سیستمی SQL Server
viwBase_SamePrice,1,view / ویوهای محاسباتی و گزارش‌گیری
information_schema.tables,1,unknown / نیازمند بررسی
V_ShakhesReshte1,1,view / ویوهای محاسباتی و گزارش‌گیری
V_Shakhes2,1,view / ویوهای محاسباتی و گزارش‌گیری
get_new_id,1,unknown / نیازمند بررسی
brv_book,1,brv / برآورد، قرارداد، ریزمتره، منابع
brv_m,1,brv / برآورد، قرارداد، ریزمتره، منابع
Reports_Tip,1,unknown / نیازمند بررسی
tbl_Version,1,unknown / نیازمند بررسی
viwTatbigh_Paykar,1,view / ویوهای محاسباتی و گزارش‌گیری
brv_elhagh,1,brv / برآورد، قرارداد، ریزمتره، منابع
brv_report_history,1,brv / برآورد، قرارداد، ریزمتره، منابع
brv_takhir_svz,1,brv / برآورد، قرارداد، ریزمتره، منابع
brv_Packages,1,brv / برآورد، قرارداد، ریزمتره، منابع
