path,size_bytes
00_master/taksa_database_usage_decision.md,5402
00_master/taksa_database_usage_decision_matrix.csv,6138
00_master/taksa_extraction_summary.md,2340
00_master/taksa_master_document_index.csv,1512
00_master/taksa_research_tracker.md,15205
01_sections_md/taksa_db_backup_addendum.md,6699
01_sections_md/taksa_section01_source_inventory.md,13312
01_sections_md/taksa_section02_report_catalog.md,15672
01_sections_md/taksa_section03_database_map.md,14782
01_sections_md/taksa_section04_roundtrip_format_map.md,6938
01_sections_md/taksa_section05_import_export_mapping.md,14388
01_sections_md/taksa_section06_ui_workflow_map.md,15153
01_sections_md/taksa_section07_excel_template_analysis.md,12970
01_sections_md/taksa_section08_business_rules_map.md,14446
01_sections_md/taksa_section09_web_entity_model.md,6557
01_sections_md/taksa_section10_workflow_and_cycles.md,6150
01_sections_md/taksa_section11_react_next_page_architecture.md,7615
01_sections_md/taksa_section12_calculation_engine_and_validation.md,7766
01_sections_md/taksa_section13_implementation_roadmap.md,8794
02_section_tables/taksa_database_usage_decision_matrix.csv,6138
02_section_tables/taksa_db_backup_candidate_tables_top120.csv,8454
02_section_tables/taksa_db_backup_impact_matrix.csv,2387
02_section_tables/taksa_db_backup_important_dependency_edges.csv,12397
02_section_tables/taksa_db_backup_object_category_summary.csv,1012
02_section_tables/taksa_db_backup_objects_classified.csv,33605
02_section_tables/taksa_section01_source_inventory_matrix.csv,4232
02_section_tables/taksa_section02_canonical_report_names.csv,14830
02_section_tables/taksa_section02_folder_prefix_matrix.csv,840
02_section_tables/taksa_section02_mvp_report_outputs.csv,2216
02_section_tables/taksa_section02_prefix_summary.csv,883
02_section_tables/taksa_section02_report_family_matrix.csv,5833
02_section_tables/taksa_section02_report_folder_summary.csv,1373
02_section_tables/taksa_section03_foreign_keys.csv,28157
02_section_tables/taksa_section03_primary_keys.csv,2950
02_section_tables/taksa_section03_relation_hubs.csv,11747
02_section_tables/taksa_section03_scp_comparer_options.csv,6680
02_section_tables/taksa_section03_table_columns.csv,356137
02_section_tables/taksa_section03_table_family_summary.csv,4029
02_section_tables/taksa_section03_table_schema_summary.csv,9199
02_section_tables/taksa_section03_xml_import_tables.csv,30613
02_section_tables/taksa_section04_binary_template_inventory.csv,1474
02_section_tables/taksa_section04_roundtrip_requirements.csv,2684
02_section_tables/taksa_section04_scriptxml_vs_actual_svzt.csv,5771
02_section_tables/taksa_section04_svzt_field_matrix.csv,79557
02_section_tables/taksa_section04_svzt_table_summary.csv,21075
02_section_tables/taksa_section04_svzt_web_family_map.csv,2579
02_section_tables/taksa_section05_actual_vs_scriptxml_mapping.csv,4085
02_section_tables/taksa_section05_import_export_pipeline.csv,1654
02_section_tables/taksa_section05_key_relation_patterns.csv,2082
02_section_tables/taksa_section05_raw_to_web_entity_mapping.csv,9485
02_section_tables/taksa_section05_roundtrip_risk_controls.csv,2129
02_section_tables/taksa_section05_scriptxml_import_order.csv,29274
02_section_tables/taksa_section05_table_type_nusv_distribution.csv,20219
02_section_tables/taksa_section05_type_situ_periods.csv,2247
02_section_tables/taksa_section06_gws_column_dictionary.csv,259499
02_section_tables/taksa_section06_gws_grid_catalog.csv,107334
02_section_tables/taksa_section06_taksa_resources.csv,1356
02_section_tables/taksa_section06_tips_capability_catalog.csv,46963
02_section_tables/taksa_section06_ui_module_family_summary.csv,1127
02_section_tables/taksa_section06_web_ux_workflow_recommendations.csv,2923
02_section_tables/taksa_section07_excel_column_dictionary.csv,4738
02_section_tables/taksa_section07_excel_roundtrip_requirements.csv,1961
02_section_tables/taksa_section07_excel_template_catalog.csv,5813
02_section_tables/taksa_section07_template_to_web_output_map.csv,1516
02_section_tables/taksa_section08_business_rule_source_matrix.csv,7618
02_section_tables/taksa_section08_calculation_engine_requirements.csv,6321
02_section_tables/taksa_section08_rule_pdf_inventory.csv,32020
02_section_tables/taksa_section08_rule_validation_tests.csv,2003
02_section_tables/taksa_section08_sql_rule_object_map.csv,25080
02_section_tables/taksa_section09_entity_relationships.csv,3673
02_section_tables/taksa_section09_entity_roundtrip_rules.csv,1622
02_section_tables/taksa_section09_module_boundaries.csv,1461
02_section_tables/taksa_section09_mvp_entity_priority.csv,1272
02_section_tables/taksa_section09_taksa_to_web_entity_matrix.csv,11805
02_section_tables/taksa_section09_web_entity_catalog.csv,16387
02_section_tables/taksa_section10_action_permission_matrix.csv,5585
02_section_tables/taksa_section10_cycle_map.csv,3633
02_section_tables/taksa_section10_lock_audit_rules.csv,1281
02_section_tables/taksa_section10_role_permission_matrix.csv,2950
02_section_tables/taksa_section10_screen_workflow_map.csv,2164
02_section_tables/taksa_section10_transition_matrix.csv,5629
02_section_tables/taksa_section10_ux_workflow_recommendations.csv,1381
02_section_tables/taksa_section10_workflow_states.csv,3888
02_section_tables/taksa_section11_api_contracts.csv,5167
02_section_tables/taksa_section11_component_registry.csv,3467
02_section_tables/taksa_section11_grid_specs.csv,1340
02_section_tables/taksa_section11_navigation_map.csv,2072
02_section_tables/taksa_section11_page_detail_specs.csv,3775
02_section_tables/taksa_section11_route_map.csv,7180
02_section_tables/taksa_section11_state_to_route_map.csv,3154
02_section_tables/taksa_section12_calculation_data_contracts.csv,1541
02_section_tables/taksa_section12_calculation_engine_registry.csv,6448
02_section_tables/taksa_section12_calculation_pipeline_order.csv,2398
02_section_tables/taksa_section12_calculation_run_states.csv,628
02_section_tables/taksa_section12_engine_api_contracts.csv,1217
02_section_tables/taksa_section12_mvp_calculation_plan.csv,1048
02_section_tables/taksa_section12_numeric_rounding_policy.csv,1165
02_section_tables/taksa_section12_risk_controls.csv,1229
02_section_tables/taksa_section12_validation_test_matrix.csv,2570
02_section_tables/taksa_section13_data_model_milestones.csv,860
02_section_tables/taksa_section13_dependency_map.csv,1053
02_section_tables/taksa_section13_mvp_backlog.csv,2619
02_section_tables/taksa_section13_phase_gates.csv,931
02_section_tables/taksa_section13_phase_roadmap.csv,5557
02_section_tables/taksa_section13_qa_strategy.csv,684
02_section_tables/taksa_section13_repo_structure.csv,951
02_section_tables/taksa_section13_risk_register.csv,1294
02_section_tables/taksa_section13_sprint_plan.csv,2132
03_db_analysis/00_EXECUTIVE_SUMMARY.md,5657
03_db_analysis/01_OBJECTS_INDEX.md,40604
03_db_analysis/02_DOMAIN_MODULE_MAP.md,10785
03_db_analysis/03_DEPENDENCY_SUMMARY.md,7992
03_db_analysis/candidate_tables.csv,5715
03_db_analysis/chunks/sql_objects_sanitized_part_001.txt,122436
03_db_analysis/chunks/sql_objects_sanitized_part_002.txt,122404
03_db_analysis/chunks/sql_objects_sanitized_part_003.txt,94055
03_db_analysis/dependency_edges.csv,68039
03_db_analysis/metadata.json,1374
03_db_analysis/objects_index.csv,32687
03_db_analysis/tables_ranked.csv,23197
03_db_analysis/taksa_db_report.txt,23161
04_roadmap/taksa_master_document_index.csv,1512
04_roadmap/taksa_research_tracker.md,15205
04_roadmap/taksa_section13_data_model_milestones.csv,860
04_roadmap/taksa_section13_dependency_map.csv,1053
04_roadmap/taksa_section13_implementation_roadmap.md,8794
04_roadmap/taksa_section13_mvp_backlog.csv,2619
04_roadmap/taksa_section13_phase_gates.csv,931
04_roadmap/taksa_section13_phase_roadmap.csv,5557
04_roadmap/taksa_section13_qa_strategy.csv,684
04_roadmap/taksa_section13_repo_structure.csv,951
04_roadmap/taksa_section13_risk_register.csv,1294
04_roadmap/taksa_section13_sprint_plan.csv,2132
README.md,1585
